issue_number,turn_count,reassignment_count,reopen_count,resolution_success,sla_breach_flag,sla_remaining_norm,sla_limit_hours,frustration_score,interaction_depth,first_response_time_hours
303181,1,0,0,0,0,0.9999,72.0,0.0064,1,0.66
303177,0,0,0,0,0,0.9996,24.0,0.0,0,-1.0
303167,0,0,0,0,0,0.9997,72.0,0.0,0,-1.0
303166,0,0,0,0,0,0.9999,72.0,0.0,0,-1.0
303165,0,0,0,0,0,0.9999,72.0,0.0,0,-1.0
303162,0,0,0,0,0,1.0,72.0,0.0,0,-1.0
303154,0,0,0,0,0,0.9997,72.0,0.0,0,-1.0
303141,0,0,0,0,0,0.9992,24.0,0.0,0,-1.0
303140,1,1,0,0,0,0.9919,72.0,0.0255,2,0.58
303131,0,0,0,0,0,0.9999,72.0,0.0,0,-1.0
303132,0,0,0,0,0,0.9999,72.0,0.0,0,-1.0
303125,0,0,0,0,0,0.9997,72.0,0.0,0,-1.0
303124,0,0,0,0,0,0.9999,72.0,0.0,0,-1.0
303122,0,0,0,0,0,0.9997,72.0,0.0,0,-1.0
303108,1,0,0,0,0,0.9999,72.0,0.0064,1,0.11
303105,0,0,0,0,0,0.9997,72.0,0.0,0,-1.0
303095,0,0,0,0,0,0.9997,72.0,0.0,0,-1.0
303090,0,0,0,0,0,0.9997,72.0,0.0,0,-1.0
303087,0,0,0,0,0,0.9997,72.0,0.0,0,-1.0
303086,1,0,0,0,0,0.9997,72.0,0.0064,1,0.09
303079,0,0,0,0,0,0.9997,72.0,0.0,0,-1.0
303078,0,0,0,0,0,0.9997,72.0,0.0,0,-1.0
303072,0,0,0,0,0,0.9997,72.0,0.0,0,-1.0
303071,0,0,0,0,0,0.9999,72.0,0.0,0,-1.0
303065,0,0,0,0,0,0.9996,72.0,0.0,0,-1.0
303025,1,0,0,0,0,0.8633,24.0,0.0064,1,0.28
303023,0,0,0,0,0,0.9997,72.0,0.0,0,-1.0
303006,0,0,0,0,0,0.9999,72.0,0.0,0,-1.0
302993,2,2,0,0,0,0.77,48.0,0.051,4,1.5
302992,0,0,0,0,0,0.9996,72.0,0.0,0,-1.0
302957,1,0,0,0,0,0.9997,72.0,0.0064,1,0.01
302956,0,0,0,0,0,0.9997,72.0,0.0,0,-1.0
302954,0,0,0,0,0,0.9997,72.0,0.0,0,-1.0
302945,2,0,0,0,0,0.9997,72.0,0.0127,2,0.28
302928,0,0,0,0,0,0.9997,72.0,0.0,0,-1.0
302925,0,0,0,0,0,0.9999,72.0,0.0,0,-1.0
302924,0,0,0,0,0,0.9997,72.0,0.0,0,-1.0
302922,0,0,0,0,0,0.9997,72.0,0.0,0,-1.0
302921,0,0,0,0,0,0.9997,72.0,0.0,0,-1.0
302919,0,0,0,0,0,0.9996,72.0,0.0,0,-1.0
302918,0,0,0,0,0,0.9996,72.0,0.0,0,-1.0
302899,0,0,0,0,0,0.9997,72.0,0.0,0,-1.0
302896,1,0,0,0,0,0.9997,72.0,0.0064,1,0.43
302894,0,0,0,0,0,0.9997,72.0,0.0,0,-1.0
302889,0,1,0,0,0,0.9878,72.0,0.0191,1,-1.0
302886,2,0,0,0,0,0.9997,72.0,0.0127,1,4.17
302882,0,0,0,0,0,0.9997,72.0,0.0,0,-1.0
302879,2,1,0,0,0,0.9226,72.0,0.0318,3,5.54
302874,0,0,0,0,0,0.9997,72.0,0.0,0,-1.0
302871,1,1,0,0,0,0.9886,72.0,0.0255,2,0.63
302868,0,0,0,0,0,0.9999,72.0,0.0,0,-1.0
302867,1,0,0,0,0,0.9997,72.0,0.0064,1,0.67
302864,0,0,0,0,0,0.9997,72.0,0.0,0,-1.0
302861,0,0,0,0,0,0.999,72.0,0.0,0,-1.0
302859,2,0,0,0,0,0.9989,72.0,0.0127,1,1.35
302858,0,0,0,0,0,0.9986,72.0,0.0,0,-1.0
302857,0,0,0,0,0,0.9986,72.0,0.0,0,-1.0
302856,0,0,0,0,0,0.9986,72.0,0.0,0,-1.0
302850,0,0,0,0,0,0.9975,72.0,0.0,0,-1.0
302849,1,0,0,1,0,0.9972,72.0,0.0064,1,18.28
302845,0,1,0,0,0,0.9938,24.0,0.0191,1,-1.0
302844,0,1,0,0,0,0.9933,24.0,0.0191,1,-1.0
302843,0,0,0,0,0,0.9982,72.0,0.0,0,-1.0
302842,0,0,0,0,0,0.9982,72.0,0.0,0,-1.0
302841,0,0,0,0,0,0.9982,72.0,0.0,0,-1.0
302837,0,0,0,0,0,0.9936,72.0,0.0,0,-1.0
302833,0,1,0,0,0,0.9817,24.0,0.0191,1,-1.0
302828,0,1,0,0,0,0.9762,24.0,0.0191,1,-1.0
302827,0,1,0,0,0,0.9762,24.0,0.0191,1,-1.0
302826,0,1,0,0,0,0.9929,72.0,0.0191,1,-1.0
302822,0,1,0,0,0,0.9775,24.0,0.0191,1,-1.0
302805,0,1,0,0,0,0.99,24.0,0.0191,1,-1.0
302789,0,0,0,0,0,0.9994,72.0,0.0,0,-1.0
302786,0,0,0,0,0,0.9982,72.0,0.0,0,-1.0
302735,0,0,0,0,0,0.9996,24.0,0.0,0,-1.0
302725,1,0,0,1,0,0.9997,72.0,0.0064,1,0.25
302723,0,0,0,0,0,0.9992,24.0,0.0,0,-1.0
302717,1,1,0,0,0,0.8954,24.0,0.0255,2,2.34
302715,0,0,0,0,0,0.9996,72.0,0.0,0,-1.0
302709,3,1,0,1,0,0.9717,24.0,0.0382,3,0.04
302707,2,3,0,0,0,0.8882,72.0,0.0701,5,1.07
302705,0,0,0,0,0,0.9997,72.0,0.0,0,-1.0
302694,0,0,0,0,0,0.9996,72.0,0.0,0,-1.0
302675,0,0,0,0,0,0.9996,72.0,0.0,0,-1.0
302669,3,1,0,0,0,0.7475,72.0,0.0382,3,10.32
302668,2,1,0,0,0,0.8694,72.0,0.0318,3,9.4
302660,2,1,0,1,0,0.8679,72.0,0.0318,3,0.03
302657,0,0,0,0,0,0.9996,72.0,0.0,0,-1.0
302649,0,0,0,0,0,0.9996,72.0,0.0,0,-1.0
302642,2,1,0,0,0,0.8897,72.0,0.0318,3,0.01
302614,0,0,0,0,0,0.9997,72.0,0.0,0,-1.0
302613,7,2,0,1,0,0.7703,72.0,0.0828,5,0.06
302600,2,0,0,0,0,0.9904,24.0,0.0127,2,0.23
302598,3,2,0,0,0,0.6871,72.0,0.0573,4,0.01
302597,5,2,0,0,0,0.9935,48.0,0.0701,6,0.14
302590,13,1,1,1,0,0.9885,72.0,0.1274,6,0.11
302585,5,1,0,0,0,0.9867,72.0,0.051,6,0.11
302581,5,3,0,0,0,0.7585,72.0,0.0892,7,0.01
302578,1,0,0,0,0,0.9992,24.0,0.0064,1,0.04
302570,7,2,0,1,0,0.9779,72.0,0.0828,9,0.08
302565,0,1,0,0,0,0.9997,72.0,0.0191,1,-1.0
302561,0,0,0,0,0,0.9996,72.0,0.0,0,-1.0
302560,0,0,0,0,0,0.9996,72.0,0.0,0,-1.0
302559,0,0,0,0,0,0.9996,72.0,0.0,0,-1.0
302525,0,0,0,0,0,0.9931,72.0,0.0,0,-1.0
302524,3,3,0,1,0,0.986,48.0,0.0764,6,0.67
302504,1,0,0,0,0,0.9515,72.0,0.0064,1,3.49
302502,3,1,2,0,0,0.926,48.0,0.0892,3,1.15
302501,1,2,0,1,0,0.8165,72.0,0.0446,3,13.2
302499,4,1,0,1,0,0.5162,48.0,0.0446,3,0.09
302477,2,1,0,1,0,0.3056,48.0,0.0318,3,0.0
302475,2,1,0,1,0,0.1208,48.0,0.0318,2,23.48
302471,2,0,0,1,0,0.9997,72.0,0.0127,1,0.0
302467,1,0,0,0,0,0.9993,72.0,0.0064,1,0.62
302465,1,0,0,0,0,0.9996,72.0,0.0064,1,0.07
302452,4,3,0,1,0,0.9124,72.0,0.0828,5,0.01
302443,1,0,0,1,0,0.9988,24.0,0.0064,1,44.99
302439,2,0,0,0,0,0.9996,72.0,0.0127,1,0.03
302438,0,0,0,0,0,0.9996,72.0,0.0,0,-1.0
302405,1,2,0,0,0,0.6092,72.0,0.0446,3,27.83
302365,1,0,0,0,0,0.9996,72.0,0.0064,1,0.84
302345,6,1,0,0,0,0.5765,72.0,0.0573,4,11.46
302337,2,1,0,0,0,0.8606,48.0,0.0318,3,6.69
302306,2,0,0,0,0,0.9988,24.0,0.0127,1,0.3
302293,0,0,0,0,0,0.9983,24.0,0.0,0,-1.0
302286,2,0,0,0,0,0.9983,24.0,0.0127,1,0.04
302281,4,1,0,0,0,0.3042,72.0,0.0446,3,0.02
302279,3,3,0,0,0,0.5992,48.0,0.0764,5,1.81
302242,0,0,0,0,0,0.9997,72.0,0.0,0,-1.0
302240,0,0,0,0,0,0.9996,72.0,0.0,0,-1.0
302239,2,3,0,0,0,0.3653,72.0,0.0701,5,45.7
302229,2,1,0,0,0,0.5519,48.0,0.0318,2,1.04
302174,2,0,0,0,0,0.9958,24.0,0.0127,1,0.02
302137,2,2,0,0,0,0.6885,72.0,0.051,4,2.46
302130,0,0,0,0,0,0.9996,72.0,0.0,0,-1.0
302097,3,0,0,0,0,0.9996,24.0,0.0191,1,0.01
302096,4,2,0,1,0,0.0969,72.0,0.0637,4,47.78
302069,9,2,0,0,0,0.6264,72.0,0.0955,10,0.05
302062,5,3,0,1,0,0.9438,48.0,0.0892,5,0.11
302054,2,1,0,0,0,0.7929,48.0,0.0318,2,9.0
302049,1,2,0,0,0,0.8342,72.0,0.0446,3,11.92
302014,2,1,0,0,0,0.4998,48.0,0.0318,3,18.84
302005,5,1,0,0,0,0.7025,24.0,0.051,5,0.44
301993,5,1,0,0,0,0.8814,72.0,0.051,5,0.74
301989,4,0,0,0,0,0.9992,24.0,0.0255,2,0.03
301988,5,1,0,1,0,0.8754,72.0,0.051,5,0.39
301985,4,1,0,1,0,0.1007,72.0,0.0446,3,30.94
301981,3,2,0,0,0,0.7327,48.0,0.0573,4,0.02
301980,1,0,0,0,0,0.9988,24.0,0.0064,1,0.78
301979,5,0,0,0,0,0.9988,24.0,0.0318,3,0.16
301961,5,1,0,0,0,0.8492,72.0,0.051,5,1.18
301960,3,1,0,0,0,0.8458,72.0,0.0382,3,2.84
301955,1,0,0,0,0,0.9997,72.0,0.0064,1,0.02
301935,3,2,0,0,0,0.5714,72.0,0.0573,5,4.76
301928,2,1,0,1,0,0.4321,48.0,0.0318,3,1.22
301922,2,0,0,0,0,0.9996,24.0,0.0127,1,0.0
301921,4,1,0,1,0,0.7864,72.0,0.0446,4,0.13
301912,2,1,0,0,0,0.7611,72.0,0.0318,2,17.15
301886,2,3,0,1,0,0.6924,72.0,0.0701,5,20.5
301879,3,3,0,1,0,0.5756,48.0,0.0764,5,0.03
301858,6,1,0,0,0,0.9462,48.0,0.0573,4,0.32
301844,1,0,0,0,0,0.9997,72.0,0.0064,1,0.26
301821,0,0,0,0,0,0.9992,24.0,0.0,0,-1.0
301819,7,3,0,0,0,0.4312,48.0,0.1019,6,17.35
301802,4,1,0,0,0,0.5143,72.0,0.0446,4,18.68
301795,1,0,0,0,0,0.9997,72.0,0.0064,1,0.07
301786,1,0,0,0,0,0.9992,24.0,0.0064,1,0.01
301782,1,0,0,0,0,0.9997,72.0,0.0064,1,0.02
301754,5,1,0,0,0,0.3756,72.0,0.051,5,11.1
301753,8,1,0,0,0,0.3918,72.0,0.0701,4,0.06
301748,10,2,0,0,1,0.0,72.0,0.1019,4,44.02
301747,3,1,0,1,0,0.9938,72.0,0.0382,2,0.11
301739,2,1,0,0,1,0.0,24.0,0.0318,3,0.01
301733,0,0,0,0,0,0.9997,72.0,0.0,0,-1.0
301732,0,0,0,0,0,0.9997,72.0,0.0,0,-1.0
301723,1,0,0,1,0,0.9997,72.0,0.0064,1,0.26
301715,2,2,0,1,1,0.0,72.0,0.051,4,92.18
301702,2,0,0,1,0,0.9992,24.0,0.0127,1,0.04
301694,9,1,0,0,1,0.0,72.0,0.0764,7,1.19
301685,1,0,0,0,0,0.9997,72.0,0.0064,1,0.92
301654,0,0,0,0,0,0.9997,72.0,0.0,0,-1.0
301641,2,0,0,0,0,0.9988,24.0,0.0127,1,0.01
301620,1,0,0,0,0,0.9054,24.0,0.0064,1,2.27
301619,4,1,0,1,1,0.0,48.0,0.0446,4,52.17
301617,5,0,0,1,1,0.0,72.0,0.0318,3,6.31
301609,4,1,0,1,1,0.0,48.0,0.0446,3,0.48
301608,0,1,0,0,1,0.0,48.0,0.0191,1,-1.0
301594,5,1,0,1,1,0.0,48.0,0.051,3,0.07
301581,1,0,0,0,0,0.9997,72.0,0.0064,1,0.0
301578,0,0,0,0,0,0.9997,72.0,0.0,0,-1.0
301568,1,1,0,0,1,0.0,48.0,0.0255,2,0.01
301563,3,1,0,1,0,0.7415,48.0,0.0382,3,0.03
301554,0,1,0,0,0,0.9938,72.0,0.0191,1,-1.0
301553,3,1,0,1,1,0.0,72.0,0.0382,3,75.21
301552,2,3,0,0,1,0.0,72.0,0.0701,5,65.1
301547,6,2,0,0,0,0.0004,72.0,0.0764,6,0.07
301541,2,1,0,0,0,0.9549,72.0,0.0318,2,0.02
301530,1,0,0,0,0,0.9992,24.0,0.0064,1,0.07
301521,0,0,0,0,0,0.9992,24.0,0.0,0,-1.0
301518,4,2,0,0,0,0.8831,48.0,0.0637,6,1.16
301515,1,0,0,0,0,0.9997,72.0,0.0064,1,0.01
301508,5,3,0,1,1,0.0,48.0,0.0892,8,2.77
301506,2,1,0,1,1,0.0,72.0,0.0318,3,1.35
301498,4,1,0,1,0,0.9253,72.0,0.0446,3,0.01
301491,3,4,0,0,1,0.0,48.0,0.0955,6,2.64
301464,1,0,0,0,0,0.9992,24.0,0.0064,1,0.05
301458,58,3,0,1,1,0.0,48.0,0.4268,48,3.08
301451,2,0,0,0,0,0.9999,72.0,0.0127,1,0.01
301440,4,2,0,0,1,0.0,72.0,0.0637,6,0.38
301428,2,1,0,0,0,0.8864,72.0,0.0318,3,8.18
301426,0,0,0,0,0,0.9997,72.0,0.0,0,-1.0
301421,2,1,0,1,0,0.906,72.0,0.0318,3,0.08
301405,10,1,0,1,1,0.0,72.0,0.0828,9,0.05
301403,13,1,0,1,1,0.0,72.0,0.1019,13,0.75
301395,4,2,0,0,1,0.0,72.0,0.0637,6,0.77
301394,3,1,0,0,1,0.0,72.0,0.0382,4,0.05
301391,2,1,0,1,0,0.6208,72.0,0.0318,3,20.34
301377,2,1,0,0,0,0.475,72.0,0.0318,3,0.06
301352,1,1,0,0,1,0.0,24.0,0.0255,2,87.93
301324,3,1,0,1,0,0.7736,72.0,0.0382,3,16.3
301318,0,0,0,0,0,0.9996,72.0,0.0,0,-1.0
301314,0,0,0,0,0,0.9996,72.0,0.0,0,-1.0
301305,2,2,0,1,0,0.9769,48.0,0.051,3,0.02
301301,3,3,0,0,1,0.0,72.0,0.0764,6,81.09
301299,1,0,0,0,0,0.9997,72.0,0.0064,1,0.03
301296,3,1,0,0,1,0.0,48.0,0.0382,3,0.18
301272,1,0,0,1,0,0.9996,72.0,0.0064,1,0.25
301269,2,1,0,0,0,0.9896,72.0,0.0318,3,0.05
301244,6,1,0,1,1,0.0,24.0,0.0573,6,4.02
301243,2,0,0,0,0,0.999,72.0,0.0127,1,0.01
301234,2,2,0,0,1,0.0,72.0,0.051,4,84.25
301169,2,2,0,0,0,0.6261,72.0,0.051,4,2.19
301144,1,1,0,0,0,0.9829,24.0,0.0255,2,0.41
301131,1,0,0,0,0,0.9997,72.0,0.0064,1,0.01
301130,1,0,0,1,0,0.9996,72.0,0.0064,1,0.33
301121,1,2,0,0,0,0.47,48.0,0.0446,3,0.0
301116,2,1,0,0,1,0.0,72.0,0.0318,3,0.41
301110,2,3,0,0,1,0.0,72.0,0.0701,5,2.25
301107,2,1,0,0,0,0.741,72.0,0.0318,3,0.97
301094,1,1,0,1,0,0.9724,72.0,0.0255,2,1.99
301092,4,2,0,1,0,0.4325,48.0,0.0637,6,7.57
301084,1,1,0,0,0,0.46,72.0,0.0255,2,38.86
301080,1,0,0,0,1,0.0,24.0,0.0064,1,0.27
301079,0,0,0,0,1,0.0,24.0,0.0,0,-1.0
301077,0,0,0,0,1,0.0,24.0,0.0,0,-1.0
301070,1,0,0,0,1,0.0,24.0,0.0064,1,1.26
301064,0,0,0,0,1,0.0,24.0,0.0,0,-1.0
301060,12,4,0,1,1,0.0,48.0,0.1529,12,0.01
301058,0,1,0,0,1,0.0,24.0,0.0191,1,-1.0
301052,3,2,0,0,0,0.8917,72.0,0.0573,4,0.01
301047,0,0,0,0,0,0.9997,72.0,0.0,0,-1.0
301038,1,0,0,0,1,0.0,24.0,0.0064,1,12.64
301032,5,1,0,1,0,0.7529,72.0,0.051,6,0.4
301030,0,0,0,0,1,0.0,24.0,0.0,0,-1.0
301027,0,0,0,0,1,0.0,24.0,0.0,0,-1.0
301025,0,0,0,0,1,0.0,24.0,0.0,0,-1.0
301013,3,2,0,0,1,0.0,48.0,0.0573,4,0.41
301011,151,2,0,1,1,0.0,48.0,1.0,89,0.35
301002,0,0,0,0,1,0.0,24.0,0.0,0,-1.0
301001,5,1,0,0,1,0.0,72.0,0.051,6,0.74
300996,2,1,0,1,1,0.0,24.0,0.0318,3,128.71
300990,0,0,0,0,1,0.0,24.0,0.0,0,-1.0
300985,6,1,0,0,1,0.0,72.0,0.0573,6,0.53
300984,0,0,0,0,0,0.9997,72.0,0.0,0,-1.0
300982,0,0,0,0,1,0.0,24.0,0.0,0,-1.0
300975,1,1,0,0,1,0.0,24.0,0.0255,2,17.83
300974,3,1,0,0,1,0.0,72.0,0.0382,3,107.8
300972,0,0,0,0,1,0.0,24.0,0.0,0,-1.0
300971,0,0,0,0,1,0.0,24.0,0.0,0,-1.0
300970,4,0,0,0,0,0.9994,72.0,0.0255,2,0.21
300968,1,1,0,0,1,0.0,24.0,0.0255,2,40.81
300960,0,0,0,0,1,0.0,24.0,0.0,0,-1.0
300959,0,0,0,0,1,0.0,24.0,0.0,0,-1.0
300947,0,0,0,0,1,0.0,24.0,0.0,0,-1.0
300941,2,1,0,0,0,0.4467,72.0,0.0318,3,116.48
300937,2,3,0,0,1,0.0,72.0,0.0701,5,0.83
300930,5,1,0,1,1,0.0,24.0,0.051,5,9.77
300928,1,0,0,0,0,0.9996,72.0,0.0064,1,0.01
300922,3,1,0,0,0,0.9922,72.0,0.0382,3,0.02
300919,3,4,0,1,1,0.0,48.0,0.0955,7,11.1
300918,0,0,0,0,1,0.0,24.0,0.0,0,-1.0
300911,1,1,0,0,1,0.0,72.0,0.0255,2,1.78
300892,0,0,0,0,1,0.0,24.0,0.0,0,-1.0
300888,0,0,0,0,1,0.0,24.0,0.0,0,-1.0
300876,0,0,0,0,1,0.0,24.0,0.0,0,-1.0
300875,0,0,0,0,0,0.9996,72.0,0.0,0,-1.0
300867,1,1,0,0,1,0.0,72.0,0.0255,2,172.22
300866,6,2,0,0,1,0.0,72.0,0.0764,6,37.36
300859,0,1,0,0,0,0.9999,72.0,0.0191,1,-1.0
300856,0,0,0,0,1,0.0,24.0,0.0,0,-1.0
300853,0,0,0,0,0,0.9996,72.0,0.0,0,-1.0
300842,3,2,0,1,1,0.0,72.0,0.0573,4,119.09
300833,6,2,0,1,0,0.3015,48.0,0.0764,5,33.53
300829,1,0,0,0,0,0.9996,24.0,0.0064,1,0.01
300814,1,2,0,0,1,0.0,72.0,0.0446,3,1.32
300806,1,3,0,0,0,0.861,72.0,0.0637,4,10.01
300802,0,0,0,0,1,0.0,24.0,0.0,0,-1.0
300801,0,0,0,0,1,0.0,24.0,0.0,0,-1.0
300800,0,0,0,0,1,0.0,24.0,0.0,0,-1.0
300798,2,1,0,1,0,0.9981,72.0,0.0318,3,0.06
300792,0,1,0,0,0,0.6333,24.0,0.0191,1,-1.0
300789,0,0,0,0,0,0.9992,24.0,0.0,0,-1.0
300786,0,0,0,0,0,0.9988,24.0,0.0,0,-1.0
300785,0,0,0,0,0,0.9988,24.0,0.0,0,-1.0
300783,0,0,0,0,0,0.9997,72.0,0.0,0,-1.0
300782,1,1,0,0,1,0.0,72.0,0.0255,2,3.43
300777,0,1,0,0,1,0.0,24.0,0.0191,1,-1.0
300774,1,0,0,0,1,0.0,24.0,0.0064,1,4.6
300768,0,0,0,0,1,0.0,24.0,0.0,0,-1.0
300766,0,0,0,0,1,0.0,24.0,0.0,0,-1.0
300761,61,1,0,1,1,0.0,72.0,0.4076,54,14.5
300757,3,1,0,0,0,0.9812,72.0,0.0382,3,0.12
300756,0,0,0,0,1,0.0,24.0,0.0,0,-1.0
300755,0,0,0,0,1,0.0,24.0,0.0,0,-1.0
300747,1,1,0,0,1,0.0,72.0,0.0255,2,0.12
300742,0,0,0,0,1,0.0,24.0,0.0,0,-1.0
300733,0,0,0,0,1,0.0,24.0,0.0,0,-1.0
300732,0,0,0,0,0,0.9992,24.0,0.0,0,-1.0
300728,1,0,0,0,0,0.9996,72.0,0.0064,1,0.08
300726,1,0,0,0,1,0.0,24.0,0.0064,1,0.01
300725,0,0,0,0,0,0.9996,72.0,0.0,0,-1.0
300723,0,0,0,0,1,0.0,24.0,0.0,0,-1.0
300719,0,1,0,0,1,0.0,72.0,0.0191,1,-1.0
300715,0,0,0,0,0,0.9996,72.0,0.0,0,-1.0
300706,0,0,0,0,1,0.0,24.0,0.0,0,-1.0
300699,0,0,0,0,1,0.0,24.0,0.0,0,-1.0
300695,0,0,0,0,0,0.9997,72.0,0.0,0,-1.0
300694,1,2,0,0,0,0.874,72.0,0.0446,3,9.07
300693,2,0,0,1,0,0.9997,72.0,0.0127,1,0.17
300692,3,1,0,0,1,0.0,72.0,0.0382,4,52.98
300690,0,0,0,0,0,0.9992,24.0,0.0,0,-1.0
300681,2,2,0,1,0,0.8642,72.0,0.051,4,0.01
300680,0,0,0,0,1,0.0,24.0,0.0,0,-1.0
300672,0,0,0,0,1,0.0,24.0,0.0,0,-1.0
300671,0,0,0,0,0,0.9997,72.0,0.0,0,-1.0
300670,0,0,0,0,1,0.0,24.0,0.0,0,-1.0
300668,0,0,0,0,1,0.0,24.0,0.0,0,-1.0
300667,0,0,0,0,1,0.0,24.0,0.0,0,-1.0
300661,0,0,0,0,1,0.0,24.0,0.0,0,-1.0
300660,0,0,0,0,1,0.0,24.0,0.0,0,-1.0
300655,7,1,0,1,0,0.8606,72.0,0.0637,7,0.08
300652,0,0,0,0,1,0.0,24.0,0.0,0,-1.0
300649,0,0,0,0,0,0.9996,72.0,0.0,0,-1.0
300646,1,0,0,1,1,0.0,24.0,0.0064,1,67.96
300643,0,0,0,0,1,0.0,24.0,0.0,0,-1.0
300635,1,0,0,0,0,0.9997,72.0,0.0064,1,0.01
300634,4,2,0,0,1,0.0,72.0,0.0637,6,0.09
300631,0,0,0,0,1,0.0,24.0,0.0,0,-1.0
300630,0,0,0,0,1,0.0,24.0,0.0,0,-1.0
300627,0,0,0,0,1,0.0,24.0,0.0,0,-1.0
300626,1,0,0,0,0,0.9938,24.0,0.0064,1,8.09
300621,0,0,0,0,1,0.0,24.0,0.0,0,-1.0
300611,0,0,0,0,1,0.0,24.0,0.0,0,-1.0
300602,5,2,0,0,1,0.0,72.0,0.0701,7,54.66
300601,4,1,0,1,0,0.4375,48.0,0.0446,4,7.93
300595,0,0,0,0,1,0.0,24.0,0.0,0,-1.0
300590,1,0,0,0,1,0.0,24.0,0.0064,1,32.97
300581,2,1,0,0,1,0.0,72.0,0.0318,3,76.77
300572,2,2,0,0,1,0.0,72.0,0.051,4,167.88
300561,0,0,0,0,1,0.0,24.0,0.0,0,-1.0
300553,3,2,0,0,1,0.0,72.0,0.0573,4,78.79
300549,0,0,0,0,1,0.0,24.0,0.0,0,-1.0
300548,1,0,0,0,0,0.9996,72.0,0.0064,1,0.02
300545,2,2,0,0,1,0.0,48.0,0.051,3,80.5
300542,0,0,0,0,0,0.9988,72.0,0.0,0,-1.0
300536,2,2,0,1,0,0.2756,48.0,0.051,4,32.15
300530,0,0,0,0,1,0.0,24.0,0.0,0,-1.0
300526,0,1,0,0,0,0.9992,24.0,0.0191,1,-1.0
300523,0,0,0,0,1,0.0,24.0,0.0,0,-1.0
300516,0,0,0,0,1,0.0,24.0,0.0,0,-1.0
300512,0,0,0,0,1,0.0,24.0,0.0,0,-1.0
300511,1,0,0,0,0,0.9997,72.0,0.0064,1,0.01
300510,4,1,0,0,1,0.0,72.0,0.0446,3,22.63
300509,0,0,0,0,1,0.0,24.0,0.0,0,-1.0
300508,0,0,0,0,1,0.0,24.0,0.0,0,-1.0
300507,5,2,0,1,0,0.3031,72.0,0.0701,4,1.17
300503,0,0,0,0,0,0.9996,72.0,0.0,0,-1.0
300502,4,1,0,1,0,0.8235,48.0,0.0446,3,0.06
300500,2,1,0,0,0,0.6292,48.0,0.0318,3,0.61
300482,2,3,0,0,0,0.2506,72.0,0.0701,5,4.01
300481,6,0,0,0,1,0.0,24.0,0.0382,3,0.33
300480,1,2,0,0,1,0.0,72.0,0.0446,3,78.3
300479,0,1,0,0,1,0.0,72.0,0.0191,1,-1.0
300476,0,0,0,0,1,0.0,24.0,0.0,0,-1.0
300471,0,0,0,0,1,0.0,24.0,0.0,0,-1.0
300462,0,0,0,0,1,0.0,24.0,0.0,0,-1.0
300451,0,0,0,0,1,0.0,24.0,0.0,0,-1.0
300449,0,0,0,0,0,0.9992,24.0,0.0,0,-1.0
300446,5,2,0,1,0,0.6235,48.0,0.0701,5,1.78
300441,1,0,0,0,0,0.9997,72.0,0.0064,1,0.0
300427,0,0,0,0,1,0.0,24.0,0.0,0,-1.0
300421,0,0,0,0,0,0.9997,72.0,0.0,0,-1.0
300420,7,3,0,1,0,0.6278,72.0,0.1019,10,0.04
300419,4,2,0,1,0,0.1819,48.0,0.0637,6,2.35
300413,3,3,0,1,1,0.0,72.0,0.0764,5,154.21
300401,0,0,0,0,0,0.9996,72.0,0.0,0,-1.0
300399,2,1,0,1,0,0.835,24.0,0.0318,3,0.02
300394,0,0,0,0,1,0.0,24.0,0.0,0,-1.0
300388,0,0,0,0,0,0.9997,72.0,0.0,0,-1.0
300387,0,0,0,0,0,0.9997,72.0,0.0,0,-1.0
111661,2,2,0,1,0,0.5669,72.0,0.051,4,3.49
110532,5,2,0,1,1,0.0,72.0,0.0701,6,2.01
110139,1,2,0,0,1,0.0,72.0,0.0446,3,0.66
109949,3,2,0,1,1,0.0,72.0,0.0573,4,33.43
109523,2,2,0,0,1,0.0,72.0,0.051,4,0.19
109522,1,2,0,0,1,0.0,72.0,0.0446,3,207.54
109516,1,2,0,0,1,0.0,72.0,0.0446,3,208.79
109469,3,2,0,1,0,0.4347,72.0,0.0573,4,0.07
109112,1,1,0,0,1,0.0,72.0,0.0255,2,346.96
109016,2,2,0,0,1,0.0,72.0,0.051,4,364.91
109015,2,2,0,0,1,0.0,72.0,0.051,4,363.25
108629,1,1,0,0,0,0.7494,72.0,0.0255,2,18.04
108628,1,1,0,0,0,0.7439,72.0,0.0255,2,18.44
108608,3,2,0,1,0,0.6297,72.0,0.0573,5,13.8
108605,2,1,0,1,0,0.6244,72.0,0.0318,3,0.1
108594,4,1,0,0,1,0.0,72.0,0.0446,4,50.85
108548,1,2,0,0,0,0.4229,72.0,0.0446,3,41.55
108521,2,1,0,1,0,0.9971,72.0,0.0318,3,0.21
108502,1,1,0,1,1,0.0,72.0,0.0255,2,183.56
108501,1,1,0,1,1,0.0,72.0,0.0255,2,184.78
108488,3,1,0,1,0,0.6269,72.0,0.0382,3,7.19
108471,4,1,0,1,1,0.0,72.0,0.0446,3,9.6
108306,2,1,0,1,1,0.0,72.0,0.0318,3,3.14
108305,2,2,0,1,1,0.0,72.0,0.051,4,99.22
108268,5,2,0,1,1,0.0,72.0,0.0701,4,53.81
108266,3,1,0,1,1,0.0,72.0,0.0382,4,12.54
108143,2,1,0,1,1,0.0,72.0,0.0318,3,15.64
108094,3,2,0,1,1,0.0,72.0,0.0573,5,2.04
108077,1,1,0,0,1,0.0,72.0,0.0255,2,746.22
108073,3,2,0,1,1,0.0,72.0,0.0573,5,193.42
108072,2,1,0,0,1,0.0,72.0,0.0318,2,746.2
107978,2,2,0,0,0,0.2799,72.0,0.051,3,16.0
107723,1,1,0,0,0,0.9869,72.0,0.0255,2,0.94
107670,2,1,0,0,0,0.2211,72.0,0.0318,3,55.73
107439,2,2,0,0,1,0.0,72.0,0.051,4,216.95
107125,3,1,0,1,1,0.0,72.0,0.0382,4,106.19
107123,2,2,0,0,1,0.0,72.0,0.051,4,219.69
106760,4,1,0,0,1,0.0,72.0,0.0446,5,31.61
106494,3,1,0,1,1,0.0,72.0,0.0382,4,480.55
106378,2,3,0,0,1,0.0,72.0,0.0701,5,15.7
106085,2,1,0,0,0,0.7764,72.0,0.0318,2,14.82
105870,2,1,0,1,1,0.0,72.0,0.0318,3,0.05
105858,6,1,0,0,0,0.6389,72.0,0.0573,3,0.01
105815,10,2,0,1,1,0.0,72.0,0.1019,5,0.87
105729,2,2,0,0,1,0.0,72.0,0.051,4,3.18
105638,1,2,0,0,1,0.0,72.0,0.0446,3,114.94
105470,2,2,0,1,1,0.0,72.0,0.051,3,166.94
105332,2,2,0,0,1,0.0,72.0,0.051,4,1800.28
105303,1,2,0,0,1,0.0,72.0,0.0446,3,90.3
105098,1,2,0,0,1,0.0,72.0,0.0446,3,61.8
105092,3,2,0,0,0,0.1056,72.0,0.0573,4,0.09
104861,1,2,0,0,1,0.0,72.0,0.0446,3,1999.12
104859,1,2,0,0,1,0.0,72.0,0.0446,3,336.48
104858,1,2,0,0,1,0.0,72.0,0.0446,3,2092.35
104856,1,2,0,0,1,0.0,72.0,0.0446,3,2142.66
104855,1,2,0,0,1,0.0,72.0,0.0446,3,2019.39
104845,1,2,0,0,1,0.0,72.0,0.0446,3,1852.85
104763,2,1,0,1,1,0.0,72.0,0.0318,3,143.21
104564,3,1,0,0,1,0.0,72.0,0.0382,3,21.73
104521,9,1,0,1,1,0.0,72.0,0.0764,3,98.4
104364,1,1,0,0,1,0.0,72.0,0.0255,2,444.28
104363,1,1,0,0,1,0.0,72.0,0.0255,2,444.11
104361,1,1,0,0,1,0.0,72.0,0.0255,2,443.92
104360,1,1,0,1,1,0.0,72.0,0.0255,2,410.21
104359,1,1,0,0,1,0.0,72.0,0.0255,2,409.95
104313,4,4,0,1,1,0.0,72.0,0.1019,8,186.83
104297,5,1,0,1,0,0.3696,72.0,0.051,2,1.01
104261,1,1,0,1,1,0.0,72.0,0.0255,2,437.56
104260,1,1,0,0,1,0.0,72.0,0.0255,2,437.1
104259,1,1,0,0,1,0.0,72.0,0.0255,2,348.54
104258,1,1,0,0,1,0.0,72.0,0.0255,2,309.19
104257,1,1,0,0,1,0.0,72.0,0.0255,2,307.67
104080,1,1,0,0,1,0.0,72.0,0.0255,2,386.81
104079,1,1,0,0,1,0.0,72.0,0.0255,2,386.61
104078,2,1,0,0,1,0.0,72.0,0.0318,3,371.0
104077,1,1,0,0,1,0.0,72.0,0.0255,2,345.07
104076,1,1,0,0,1,0.0,72.0,0.0255,2,343.63
104074,3,1,0,1,1,0.0,72.0,0.0382,2,100.31
104016,1,1,0,0,1,0.0,72.0,0.0255,2,309.56
103999,1,1,0,0,1,0.0,72.0,0.0255,2,316.87
103998,1,1,0,0,1,0.0,72.0,0.0255,2,137.4
103994,1,1,0,0,1,0.0,72.0,0.0255,2,100.14
103920,1,1,0,0,1,0.0,72.0,0.0255,2,0.01
103918,1,1,0,0,1,0.0,72.0,0.0255,2,105.78
103915,1,1,0,0,1,0.0,72.0,0.0255,2,0.01
103823,1,2,0,0,1,0.0,72.0,0.0446,3,21.93
103660,2,2,0,1,1,0.0,72.0,0.051,4,0.02
103630,1,3,0,1,1,0.0,72.0,0.0637,4,376.44
103590,7,4,0,1,1,0.0,72.0,0.121,8,311.74
103538,2,3,0,1,1,0.0,72.0,0.0701,5,409.15
103536,2,3,0,1,1,0.0,72.0,0.0701,5,407.96
103531,3,1,0,1,1,0.0,72.0,0.0382,4,109.75
103506,2,2,0,1,1,0.0,72.0,0.051,4,144.49
103470,1,1,0,1,1,0.0,72.0,0.0255,2,155.77
103469,1,1,0,1,1,0.0,72.0,0.0255,2,155.51
103434,2,1,0,0,1,0.0,72.0,0.0318,3,2.68
103430,6,1,0,1,0,0.2975,72.0,0.0573,3,50.09
103429,2,3,0,1,1,0.0,72.0,0.0701,5,0.01
103407,4,1,0,1,1,0.0,72.0,0.0446,5,0.02
103352,2,1,0,1,1,0.0,72.0,0.0318,3,224.25
103263,2,2,0,1,1,0.0,72.0,0.051,4,609.27
102880,1,1,0,0,1,0.0,72.0,0.0255,2,67.41
102870,1,1,0,0,1,0.0,72.0,0.0255,2,74.4
102864,9,3,0,1,1,0.0,72.0,0.1146,6,50.61
102812,6,1,0,1,1,0.0,72.0,0.0573,5,30.02
102743,3,1,0,1,1,0.0,72.0,0.0382,4,106.4
102572,3,2,0,0,1,0.0,72.0,0.0573,4,383.65
102492,3,1,0,1,1,0.0,72.0,0.0382,3,0.87
102490,4,3,0,1,1,0.0,72.0,0.0828,6,25.93
102475,8,1,0,1,1,0.0,72.0,0.0701,3,70.95
102416,2,1,0,0,1,0.0,72.0,0.0318,2,84.76
102349,3,1,0,1,1,0.0,72.0,0.0382,3,0.02
102343,3,1,0,1,1,0.0,72.0,0.0382,3,0.02
102206,2,1,0,0,1,0.0,72.0,0.0318,3,23.06
102158,4,1,0,0,0,0.2214,72.0,0.0446,3,0.38
102071,6,2,0,0,1,0.0,72.0,0.0764,5,7.57
102065,2,1,0,1,1,0.0,72.0,0.0318,3,9.15
102055,1,1,0,0,0,0.4894,72.0,0.0255,2,36.76
102044,2,1,0,0,1,0.0,72.0,0.0318,3,15.52
102027,3,1,0,1,1,0.0,72.0,0.0382,3,0.04
101960,1,1,0,0,1,0.0,72.0,0.0255,2,14.97
101889,3,3,0,1,1,0.0,72.0,0.0764,6,62.07
101746,3,1,0,1,1,0.0,72.0,0.0382,4,21.88
101578,1,1,0,0,1,0.0,72.0,0.0255,2,0.02
101521,3,1,0,1,1,0.0,72.0,0.0382,3,0.05
101516,3,1,0,1,1,0.0,72.0,0.0382,3,0.02
101499,4,1,0,1,1,0.0,72.0,0.0446,3,211.28
101472,4,2,0,1,1,0.0,72.0,0.0637,6,0.02
101397,1,3,0,1,1,0.0,72.0,0.0637,4,1248.99
101391,2,1,0,0,1,0.0,72.0,0.0318,3,252.83
101361,2,3,0,1,1,0.0,72.0,0.0701,5,1.68
101307,5,1,0,0,1,0.0,72.0,0.051,4,21.63
101296,4,1,0,0,1,0.0,72.0,0.0446,2,0.01
101201,4,1,0,1,1,0.0,72.0,0.0446,4,5.44
101188,3,1,0,0,1,0.0,72.0,0.0382,3,215.79
101183,2,1,0,0,1,0.0,72.0,0.0318,2,212.16
101181,2,1,0,0,1,0.0,72.0,0.0318,2,212.28
101142,12,1,0,1,1,0.0,72.0,0.0955,4,43.98
101115,2,1,0,1,1,0.0,72.0,0.0318,3,32.12
101017,1,1,0,1,1,0.0,72.0,0.0255,2,97.16
100872,2,1,0,1,1,0.0,72.0,0.0318,3,3.29
100689,2,1,0,1,0,0.3482,72.0,0.0318,3,43.12
100590,1,1,0,1,1,0.0,72.0,0.0255,2,3933.01
100533,1,4,0,0,1,0.0,72.0,0.0828,5,635.77
100522,1,1,0,1,0,0.6206,72.0,0.0255,2,0.07
100519,2,1,0,0,1,0.0,72.0,0.0318,2,165.66
100517,2,1,0,1,1,0.0,72.0,0.0318,2,165.85
100500,1,1,0,0,0,0.5721,72.0,0.0255,2,0.03
100442,3,1,0,0,1,0.0,72.0,0.0382,4,0.65
100434,1,3,0,0,1,0.0,72.0,0.0637,4,1572.07
100327,1,1,0,1,1,0.0,72.0,0.0255,2,242.62
100317,1,2,0,0,1,0.0,72.0,0.0446,3,71.29
100300,2,1,0,1,0,0.8743,72.0,0.0318,3,8.9
100237,4,1,0,1,1,0.0,72.0,0.0446,3,167.5
100234,1,1,0,0,1,0.0,72.0,0.0255,2,0.02
100138,1,1,0,0,1,0.0,72.0,0.0255,2,0.02
100134,1,1,0,0,1,0.0,72.0,0.0255,2,0.02
99991,5,1,0,1,1,0.0,72.0,0.051,5,335.92
177822,1,0,0,0,0,0.9997,72.0,0.0064,1,1.67
177638,4,1,0,0,0,0.8074,72.0,0.0446,3,2.55
177634,1,0,0,0,0,0.9996,72.0,0.0064,1,2.23
177603,2,0,0,0,0,0.7481,72.0,0.0127,2,1.8
177517,3,0,0,1,0,0.8582,72.0,0.0191,2,6.63
177485,2,1,0,1,0,0.3371,72.0,0.0318,3,25.15
177442,5,0,0,1,1,0.0,72.0,0.0318,3,2.56
177426,3,1,0,1,1,0.0,72.0,0.0382,4,77.28
177406,2,0,0,0,0,0.9908,72.0,0.0127,2,0.57
177318,4,0,0,1,1,0.0,72.0,0.0255,3,61.54
177141,1,0,0,0,0,0.9882,72.0,0.0064,1,0.85
177044,4,0,0,0,1,0.0,72.0,0.0255,4,0.81
177030,6,0,0,1,0,0.6661,72.0,0.0382,3,0.16
177029,2,0,0,0,0,0.7104,168.0,0.0127,2,46.29
177017,9,0,0,1,1,0.0,72.0,0.0573,5,3.22
177013,2,0,0,0,0,0.7552,168.0,0.0127,2,5.22
176993,5,0,0,1,1,0.0,72.0,0.0318,3,0.31
176862,2,0,0,1,1,0.0,72.0,0.0127,2,19.98
176851,2,0,0,0,1,0.0,72.0,0.0127,2,39.06
176833,6,1,0,0,0,0.0271,72.0,0.0573,3,0.01
176829,4,0,0,1,0,0.6421,72.0,0.0255,4,2.06
176767,2,0,0,1,0,0.0421,72.0,0.0127,1,40.4
176739,3,0,0,1,1,0.0,72.0,0.0191,2,95.37
176711,4,0,0,1,1,0.0,72.0,0.0255,4,65.54
176660,6,0,1,1,0,0.9831,72.0,0.0637,3,0.02
176630,1,0,0,0,0,0.9993,72.0,0.0064,1,0.05
176621,2,0,0,0,1,0.0,72.0,0.0127,2,99.22
176608,2,0,0,0,0,0.6582,72.0,0.0127,2,0.15
176585,8,0,0,1,1,0.0,72.0,0.051,5,5.11
176581,5,0,1,1,1,0.0,72.0,0.0573,2,6.07
176565,3,1,0,0,1,0.0,72.0,0.0382,4,9.18
176560,5,1,0,1,0,0.856,72.0,0.051,3,0.37
176446,2,0,0,0,0,0.2251,72.0,0.0127,2,0.35
176443,2,0,0,0,1,0.0,72.0,0.0127,2,11.34
176427,2,0,0,1,0,0.8246,72.0,0.0127,2,0.75
176417,5,2,0,1,1,0.0,72.0,0.0701,6,141.68
176391,3,0,1,1,1,0.0,72.0,0.0446,2,284.31
176375,4,1,0,1,0,0.4261,72.0,0.0446,4,0.05
176373,2,0,0,0,1,0.0,72.0,0.0127,2,133.56
176358,1,0,0,1,1,0.0,72.0,0.0064,1,342.22
176347,3,0,0,0,1,0.0,72.0,0.0191,2,25.04
176254,2,0,0,0,1,0.0,72.0,0.0127,2,88.56
176192,2,0,0,1,1,0.0,72.0,0.0127,1,44.06
176176,0,0,0,0,1,0.0,72.0,0.0,0,-1.0
176154,3,1,0,0,1,0.0,72.0,0.0382,3,3.6
176133,3,1,0,1,0,0.8111,72.0,0.0382,3,11.71
176126,3,0,0,0,1,0.0,72.0,0.0191,2,78.47
176125,1,0,0,0,0,0.1471,72.0,0.0064,1,0.36
176102,1,0,0,0,1,0.0,72.0,0.0064,1,75.31
176093,4,0,0,1,1,0.0,72.0,0.0255,3,26.77
176080,4,1,0,1,1,0.0,72.0,0.0446,4,3.98
176074,1,0,0,0,0,0.5162,72.0,0.0064,1,34.85
176067,4,2,0,1,1,0.0,72.0,0.0637,4,4.4
175982,3,0,0,1,1,0.0,72.0,0.0191,2,0.61
175952,2,1,0,0,1,0.0,72.0,0.0318,3,23.45
175932,2,0,0,1,1,0.0,72.0,0.0127,2,17.2
175875,3,0,0,1,1,0.0,72.0,0.0191,2,0.78
175872,3,0,0,0,1,0.0,72.0,0.0191,2,140.32
175866,4,0,0,0,1,0.0,72.0,0.0255,4,15.68
175856,3,0,0,1,0,0.4056,72.0,0.0191,2,0.07
175854,4,0,0,0,1,0.0,72.0,0.0255,3,42.2
175842,2,0,0,0,0,0.7275,72.0,0.0127,2,9.64
175728,2,0,0,1,0,0.6915,72.0,0.0127,2,21.93
175720,0,0,0,0,0,0.1114,72.0,0.0,0,-1.0
175719,0,0,0,0,0,0.1112,72.0,0.0,0,-1.0
175718,0,0,1,0,1,0.0,72.0,0.0255,0,-1.0
175717,0,0,1,0,1,0.0,72.0,0.0255,0,-1.0
175690,6,1,0,1,0,0.7065,72.0,0.0573,4,0.63
175666,4,0,0,1,0,0.0089,72.0,0.0255,2,0.09
175615,3,0,0,0,1,0.0,72.0,0.0191,3,10.79
175576,2,0,0,1,0,0.7211,72.0,0.0127,2,4.64
175546,3,0,0,1,1,0.0,72.0,0.0191,2,0.08
175545,2,0,0,0,0,0.3292,72.0,0.0127,1,16.93
175539,2,0,0,0,1,0.0,72.0,0.0127,2,6.55
175475,0,0,1,0,1,0.0,72.0,0.0255,0,-1.0
175437,2,0,0,0,0,0.0697,72.0,0.0127,2,3.83
175435,13,0,1,1,1,0.0,72.0,0.1083,7,4.01
175402,1,0,0,0,0,0.9997,72.0,0.0064,1,3.19
175302,2,1,0,0,0,0.81,72.0,0.0318,3,0.03
175250,6,1,0,1,1,0.0,72.0,0.0573,5,138.53
175240,2,0,0,0,0,0.8901,72.0,0.0127,2,6.43
175192,3,1,0,1,0,0.6125,72.0,0.0382,4,9.13
175191,4,0,0,0,0,0.9285,72.0,0.0255,3,1.35
175188,2,0,0,1,0,0.5296,72.0,0.0127,2,0.7
175187,2,0,0,1,0,0.5397,72.0,0.0127,2,0.6
175167,8,1,0,1,1,0.0,72.0,0.0701,2,0.05
175165,3,0,0,0,0,0.6742,72.0,0.0191,3,0.64
175084,2,0,0,1,1,0.0,72.0,0.0127,2,25.75
175065,1,0,0,1,0,0.1026,72.0,0.0064,1,64.61
175024,3,1,0,1,1,0.0,72.0,0.0382,4,3.61
175019,1,0,0,0,0,0.019,72.0,0.0064,1,70.63
174985,6,0,0,1,1,0.0,72.0,0.0382,3,0.88
174963,2,1,0,0,1,0.0,72.0,0.0318,2,170.11
174961,2,0,0,1,1,0.0,72.0,0.0127,2,122.52
174923,7,0,0,1,1,0.0,72.0,0.0446,2,0.51
174921,5,0,0,1,1,0.0,72.0,0.0318,4,0.7
174919,4,0,0,0,1,0.0,72.0,0.0255,3,0.77
174917,4,0,0,1,0,0.63,72.0,0.0255,3,3.1
174900,2,0,0,0,0,0.9875,72.0,0.0127,2,0.08
174898,10,0,0,1,1,0.0,72.0,0.0637,3,4.91
174878,2,0,0,0,0,0.6967,72.0,0.0127,1,20.55
174872,5,1,0,1,1,0.0,72.0,0.051,4,8.51
174861,4,0,0,1,1,0.0,72.0,0.0255,3,0.01
174801,4,1,0,0,1,0.0,72.0,0.0446,5,2.85
174785,3,0,0,1,0,0.9972,72.0,0.0191,2,0.11
174784,2,1,0,0,1,0.0,72.0,0.0318,3,23.77
174775,4,0,0,0,0,0.9519,72.0,0.0255,2,0.68
174770,1,1,0,1,0,0.7576,72.0,0.0255,2,17.45
174731,4,0,0,0,1,0.0,72.0,0.0255,2,0.5
174680,7,1,0,1,0,0.9146,72.0,0.0637,4,0.41
174674,4,0,0,1,1,0.0,72.0,0.0255,3,20.35
174672,2,1,0,0,1,0.0,72.0,0.0318,3,25.72
174666,2,0,0,0,0,0.6629,72.0,0.0127,2,7.93
174637,2,0,0,1,0,0.7842,72.0,0.0127,2,1.34
174601,8,0,0,1,0,0.6933,72.0,0.051,2,4.19
174600,2,0,0,1,0,0.9351,72.0,0.0127,2,1.88
174587,4,1,0,1,1,0.0,72.0,0.0446,4,9.16
174575,7,1,0,0,1,0.0,72.0,0.0637,7,22.49
174551,2,0,0,0,0,0.1981,72.0,0.0127,2,0.81
174502,4,0,0,0,1,0.0,72.0,0.0255,3,0.01
174486,3,1,0,1,0,0.0492,72.0,0.0382,2,0.07
174467,2,1,0,1,1,0.0,72.0,0.0318,3,9.2
174459,3,1,0,0,1,0.0,72.0,0.0382,4,83.16
174441,2,0,0,0,1,0.0,72.0,0.0127,2,0.76
174391,1,0,0,0,0,0.9107,72.0,0.0064,1,6.43
174379,4,1,0,1,1,0.0,72.0,0.0446,5,97.81
174378,2,0,0,0,1,0.0,72.0,0.0127,2,97.84
174353,1,0,0,1,1,0.0,72.0,0.0064,1,337.9
174345,6,0,0,0,1,0.0,72.0,0.0382,2,14.08
174344,8,1,0,1,0,0.4135,72.0,0.0701,4,2.49
174339,5,1,0,1,1,0.0,72.0,0.051,3,0.15
174315,3,1,0,1,0,0.6593,72.0,0.0382,3,0.17
174306,2,0,1,1,0,0.9067,72.0,0.0382,1,4.89
174304,3,0,0,0,1,0.0,72.0,0.0191,2,4.92
174299,2,1,0,0,0,0.7961,72.0,0.0318,2,0.04
174296,1,1,1,1,0,0.2822,72.0,0.051,2,26.2
174284,5,0,0,0,1,0.0,72.0,0.0318,4,0.32
174282,2,1,0,0,1,0.0,72.0,0.0318,3,343.9
174280,12,0,0,0,1,0.0,72.0,0.0764,4,2.25
174265,3,1,0,0,0,0.1894,72.0,0.0382,3,8.8
174246,3,1,0,1,1,0.0,72.0,0.0382,3,0.01
174244,6,0,0,1,0,0.0578,72.0,0.0382,3,3.06
174199,2,0,0,1,1,0.0,72.0,0.0127,2,318.28
174195,6,0,0,1,0,0.1882,72.0,0.0382,2,3.24
174175,0,0,0,0,1,0.0,72.0,0.0,0,-1.0
174174,5,1,0,1,1,0.0,72.0,0.051,4,151.73
174172,4,1,0,0,1,0.0,72.0,0.0446,4,152.04
174166,5,1,0,1,1,0.0,72.0,0.051,6,423.99
174133,2,0,0,0,0,0.7338,72.0,0.0127,2,3.31
174128,2,0,0,0,1,0.0,72.0,0.0127,2,63.46
174124,2,1,1,1,1,0.0,72.0,0.0573,3,93.53
174074,4,2,0,1,1,0.0,72.0,0.0637,5,1.09
174068,3,0,0,1,0,0.9318,72.0,0.0191,3,2.57
174063,5,0,0,1,1,0.0,72.0,0.0318,2,7.87
174051,4,0,0,1,0,0.9082,72.0,0.0255,3,6.49
174050,4,1,0,0,1,0.0,72.0,0.0446,4,6.99
174042,4,1,0,1,0,0.8153,72.0,0.0446,4,9.41
174030,6,1,0,0,1,0.0,72.0,0.0573,5,2.44
174016,2,0,0,1,0,0.9753,72.0,0.0127,2,0.51
174013,5,0,0,0,0,0.2389,72.0,0.0318,4,4.14
174011,4,0,0,1,0,0.6324,72.0,0.0255,2,9.62
173994,1,0,0,0,1,0.0,72.0,0.0064,1,36.45
173991,3,0,0,0,0,0.2208,72.0,0.0191,3,15.54
173985,1,0,0,1,0,0.7772,72.0,0.0064,1,16.04
173972,5,1,0,1,1,0.0,72.0,0.051,4,0.94
173953,2,0,0,0,1,0.0,72.0,0.0127,2,0.01
173944,4,0,0,1,1,0.0,72.0,0.0255,3,4.56
173927,5,0,0,1,1,0.0,72.0,0.0318,3,132.72
173924,3,1,0,1,1,0.0,72.0,0.0382,4,7.29
173915,8,0,0,1,1,0.0,72.0,0.051,5,5.89
173909,4,0,0,1,0,0.9097,72.0,0.0255,3,5.44
173902,6,1,0,0,1,0.0,72.0,0.0573,5,101.63
173871,2,1,0,0,1,0.0,72.0,0.0318,3,142.34
173823,2,0,0,0,1,0.0,72.0,0.0127,2,0.95
173808,4,0,0,0,0,0.5872,72.0,0.0255,2,1.02
173797,2,1,0,1,1,0.0,72.0,0.0318,2,151.7
173795,3,1,0,0,1,0.0,72.0,0.0382,4,4.6
173792,3,0,0,1,1,0.0,72.0,0.0191,3,0.01
173786,2,0,0,0,0,0.9867,72.0,0.0127,2,0.86
173782,2,0,0,0,0,0.7082,72.0,0.0127,2,10.56
173780,2,0,0,0,0,0.5128,72.0,0.0127,2,12.46
173777,1,1,0,1,0,0.6501,72.0,0.0255,2,25.19
173772,3,1,0,0,1,0.0,72.0,0.0382,3,36.02
173765,7,1,0,1,1,0.0,72.0,0.0637,6,0.98
173717,1,0,1,0,1,0.0,72.0,0.0318,1,168.49
173715,1,0,1,0,1,0.0,72.0,0.0318,1,168.58
173714,1,0,1,0,1,0.0,72.0,0.0318,1,168.66
173713,1,0,1,0,1,0.0,72.0,0.0318,1,168.67
173712,1,0,1,0,1,0.0,72.0,0.0318,1,168.69
173709,8,1,0,1,0,0.3619,72.0,0.0701,4,17.34
173706,3,1,0,1,0,0.7236,72.0,0.0382,4,3.7
173679,4,0,0,0,1,0.0,72.0,0.0255,3,480.89
173636,7,0,0,0,1,0.0,72.0,0.0446,4,12.08
173626,5,1,0,1,1,0.0,72.0,0.051,3,0.02
173624,3,0,0,1,1,0.0,72.0,0.0191,3,32.72
173622,6,0,0,1,1,0.0,72.0,0.0382,4,131.34
173620,1,0,1,0,1,0.0,72.0,0.0318,1,184.15
173619,1,0,1,0,1,0.0,72.0,0.0318,1,184.26
173538,2,0,0,0,1,0.0,72.0,0.0127,2,51.01
173529,3,0,0,0,0,0.9568,72.0,0.0191,3,0.73
173522,2,1,0,0,1,0.0,72.0,0.0318,3,74.21
173520,2,0,0,0,0,0.9425,72.0,0.0127,2,2.46
173506,2,0,0,1,0,0.8238,72.0,0.0127,2,5.16
173498,2,0,0,0,0,0.8586,72.0,0.0127,2,7.5
173491,3,0,0,0,0,0.8403,72.0,0.0191,2,11.5
173486,2,1,0,1,0,0.879,72.0,0.0318,3,0.09
173475,3,0,0,1,0,0.0629,72.0,0.0191,2,0.04
173466,0,0,0,0,1,0.0,72.0,0.0,0,-1.0
173462,4,1,0,1,1,0.0,72.0,0.0446,3,2.14
173383,3,1,0,0,0,0.5864,72.0,0.0382,4,0.11
173363,2,0,0,0,1,0.0,72.0,0.0127,2,4.99
173352,1,0,0,1,1,0.0,72.0,0.0064,1,136.23
173344,2,0,1,1,1,0.0,72.0,0.0382,2,196.1
173337,2,0,0,0,1,0.0,168.0,0.0127,2,5.29
173336,2,0,1,1,1,0.0,72.0,0.0382,1,140.02
173334,6,0,0,1,1,0.0,72.0,0.0382,2,146.77
173316,3,0,0,1,0,0.1581,72.0,0.0191,2,2.09
173312,7,2,0,1,0,0.5219,72.0,0.0828,5,7.34
173310,4,1,0,1,1,0.0,72.0,0.0446,5,31.87
173231,5,2,0,1,1,0.0,72.0,0.0701,6,75.53
173200,1,0,0,0,0,1.0,72.0,0.0064,1,7.42
173176,3,3,0,0,1,0.0,72.0,0.0764,6,1.65
173172,7,1,0,1,1,0.0,72.0,0.0637,5,0.07
173171,2,0,0,0,0,0.8638,72.0,0.0127,2,7.07
173165,3,1,0,1,0,0.9167,72.0,0.0382,4,0.73
173157,3,0,0,1,1,0.0,72.0,0.0191,3,74.22
173133,2,1,0,0,1,0.0,72.0,0.0318,3,6.82
173125,14,1,0,1,1,0.0,72.0,0.1083,5,3.04
173099,2,1,0,1,0,0.9326,72.0,0.0318,3,4.85
173090,2,1,0,0,0,0.8119,72.0,0.0318,3,0.05
173076,4,1,1,1,1,0.0,72.0,0.0701,3,1.02
173074,2,1,0,1,0,0.93,72.0,0.0318,3,2.79
173065,4,1,1,1,0,0.91,72.0,0.0701,3,6.16
173055,3,0,0,0,0,0.455,72.0,0.0191,2,10.0
173024,6,0,0,1,1,0.0,72.0,0.0382,3,4.42
172993,5,0,0,0,0,0.9518,72.0,0.0318,3,0.29
172976,2,0,0,0,1,0.0,72.0,0.0127,1,49.29
172966,2,0,0,1,0,0.9962,72.0,0.0127,1,0.21
172934,10,1,0,1,1,0.0,72.0,0.0828,7,2.49
172932,4,0,0,1,1,0.0,72.0,0.0255,3,5.58
172926,3,1,0,1,0,0.8261,72.0,0.0382,4,11.26
172903,6,0,0,1,0,0.6867,72.0,0.0382,2,0.43
172896,8,1,1,1,0,0.3785,72.0,0.0955,6,0.56
172893,2,0,0,1,1,0.0,72.0,0.0127,1,281.45
172880,4,0,0,0,0,0.614,72.0,0.0255,2,1.54
172837,5,0,0,0,1,0.0,72.0,0.0318,3,1.47
172830,6,1,0,1,1,0.0,72.0,0.0573,4,24.93
172822,6,1,0,1,1,0.0,72.0,0.0573,5,30.46
172815,2,0,0,1,0,0.9028,72.0,0.0127,2,0.6
172812,3,1,0,0,1,0.0,72.0,0.0382,4,11.27
172784,5,2,0,0,1,0.0,72.0,0.0701,4,165.01
172747,12,2,0,1,1,0.0,72.0,0.1146,10,12.9
172744,4,0,0,1,0,0.2554,72.0,0.0255,4,20.32
172739,3,0,0,0,1,0.0,72.0,0.0191,2,49.63
172728,18,0,0,1,1,0.0,72.0,0.1146,8,1.17
172712,3,0,0,0,1,0.0,72.0,0.0191,2,0.02
172693,5,2,0,1,1,0.0,72.0,0.0701,5,97.46
172630,4,0,0,1,1,0.0,72.0,0.0255,2,71.56
172629,6,0,0,1,1,0.0,72.0,0.0382,4,7.85
172560,3,0,0,0,0,0.0892,72.0,0.0191,2,57.66
172543,6,0,0,1,1,0.0,72.0,0.0382,4,1.02
172529,3,0,0,1,1,0.0,72.0,0.0191,2,0.23
172459,2,2,0,0,1,0.0,72.0,0.051,3,192.8
172442,7,1,0,1,0,0.5378,72.0,0.0637,6,5.77
172440,5,0,0,1,1,0.0,72.0,0.0318,3,11.84
172439,5,1,0,1,0,0.8315,72.0,0.051,4,9.2
172438,3,1,0,0,0,0.8614,72.0,0.0382,3,9.92
172435,2,0,0,1,1,0.0,72.0,0.0127,1,0.02
172433,2,0,0,1,1,0.0,72.0,0.0127,1,0.03
172416,1,0,0,1,0,0.8379,72.0,0.0064,1,11.67
172399,4,0,0,1,1,0.0,72.0,0.0255,4,3.27
172352,1,0,0,0,0,0.9989,72.0,0.0064,1,0.08
172350,2,1,0,0,1,0.0,72.0,0.0318,3,0.02
172325,6,4,0,0,1,0.0,72.0,0.1146,8,9.36
172275,3,0,0,1,0,0.6335,72.0,0.0191,3,0.11
172248,2,1,0,1,1,0.0,72.0,0.0318,3,24.77
172233,2,0,0,0,1,0.0,72.0,0.0127,2,0.02
172215,4,1,0,0,1,0.0,72.0,0.0446,4,32.31
172205,6,0,0,0,0,0.0332,72.0,0.0382,4,0.09
172202,1,0,0,1,0,0.3125,72.0,0.0064,1,45.2
172162,4,0,0,0,0,0.1878,72.0,0.0255,3,25.48
172157,5,1,0,1,1,0.0,168.0,0.051,4,50.52
172155,2,0,0,1,1,0.0,72.0,0.0127,2,26.98
172146,2,1,0,0,0,0.0829,72.0,0.0318,3,64.66
172102,2,0,0,0,0,0.9308,72.0,0.0127,2,0.06
172091,5,0,0,1,1,0.0,72.0,0.0318,5,0.96
172071,3,0,0,1,0,0.2189,72.0,0.0191,3,42.48
172068,3,0,0,1,1,0.0,72.0,0.0191,3,43.83
172067,2,0,0,0,1,0.0,72.0,0.0127,2,4.49
172066,2,1,0,0,1,0.0,72.0,0.0318,3,0.59
172062,7,0,0,1,1,0.0,72.0,0.0446,4,57.45
172061,7,3,0,0,1,0.0,72.0,0.1019,9,82.89
172022,5,0,0,1,1,0.0,72.0,0.0318,3,117.62
172015,16,0,0,1,1,0.0,72.0,0.1019,4,0.74
