issue_number,primary_label,text_length,word_count,missing_version_flag,missing_error_flag,urgency_keyword_flag,question_mark_flag,has_solution_comment,turn_count,reassignment_count,reopen_count,resolution_success,sla_breach_flag,sla_remaining_norm,sla_limit_hours,frustration_score,interaction_depth,first_response_time_hours
303181,duplicate,1634,180,0,0,1,0,0,1,0,0,0,0,0.9999,72.0,0.0064,1,0.66
303177,triage,14,3,1,1,0,0,0,0,0,0,0,0,0.9996,24.0,0.0,0,-1.0
303167,duplicate,1226,165,0,0,1,1,0,0,0,0,0,0,0.9997,72.0,0.0,0,-1.0
303166,duplicate,1226,165,0,0,1,1,0,0,0,0,0,0,0.9999,72.0,0.0,0,-1.0
303165,duplicate,1226,165,0,0,1,1,0,0,0,0,0,0,0.9999,72.0,0.0,0,-1.0
303162,duplicate,1199,149,0,0,1,0,0,0,0,0,0,0,1.0,72.0,0.0,0,-1.0
303154,invalid,104,19,1,1,0,0,0,0,0,0,0,0,0.9997,72.0,0.0,0,-1.0
303141,billing,2245,247,0,0,1,0,0,0,0,0,0,0,0.9992,24.0,0.0,0,-1.0
303140,unlabelled,531,83,0,1,0,0,0,1,1,0,0,0,0.9919,72.0,0.0255,2,0.58
303131,duplicate,1090,151,0,0,1,1,0,0,0,0,0,0,0.9999,72.0,0.0,0,-1.0
303132,duplicate,1090,151,0,0,1,1,0,0,0,0,0,0,0.9999,72.0,0.0,0,-1.0
303125,duplicate,1371,164,0,0,1,0,0,0,0,0,0,0,0.9997,72.0,0.0,0,-1.0
303124,duplicate,1371,164,0,0,1,0,0,0,0,0,0,0,0.9999,72.0,0.0,0,-1.0
303122,duplicate,1510,197,0,0,1,0,0,0,0,0,0,0,0.9997,72.0,0.0,0,-1.0
303108,duplicate,1223,156,0,0,1,1,0,1,0,0,0,0,0.9999,72.0,0.0064,1,0.11
303105,duplicate,1293,180,0,0,1,0,0,0,0,0,0,0,0.9997,72.0,0.0,0,-1.0
303095,duplicate,1554,199,0,0,1,0,0,0,0,0,0,0,0.9997,72.0,0.0,0,-1.0
303090,unlabelled,1388,165,0,0,1,0,0,0,0,0,0,0,0.9997,72.0,0.0,0,-1.0
303087,duplicate,1364,168,0,0,1,0,0,0,0,0,0,0,0.9997,72.0,0.0,0,-1.0
303086,duplicate,1364,168,0,0,1,0,0,1,0,0,0,0,0.9997,72.0,0.0064,1,0.09
303079,duplicate,1783,191,0,0,1,0,0,0,0,0,0,0,0.9997,72.0,0.0,0,-1.0
303078,duplicate,1783,191,0,0,1,0,0,0,0,0,0,0,0.9997,72.0,0.0,0,-1.0
303072,duplicate,813,126,0,0,1,0,0,0,0,0,0,0,0.9997,72.0,0.0,0,-1.0
303071,duplicate,452,68,0,1,1,0,0,0,0,0,0,0,0.9999,72.0,0.0,0,-1.0
303065,unlabelled,1362,172,0,0,1,0,0,0,0,0,0,0,0.9996,72.0,0.0,0,-1.0
303025,triage,353,52,0,1,0,0,0,1,0,0,0,0,0.8633,24.0,0.0064,1,0.28
303023,duplicate,1536,197,0,0,1,0,0,0,0,0,0,0,0.9997,72.0,0.0,0,-1.0
303006,duplicate,1267,161,0,0,1,0,0,0,0,0,0,0,0.9999,72.0,0.0,0,-1.0
302993,bug,488,87,1,1,0,1,0,2,2,0,0,0,0.77,48.0,0.051,4,1.5
302992,unlabelled,696,105,0,1,0,0,0,0,0,0,0,0,0.9996,72.0,0.0,0,-1.0
302957,duplicate,1116,145,0,0,1,1,0,1,0,0,0,0,0.9997,72.0,0.0064,1,0.01
302956,duplicate,1116,145,0,0,1,1,0,0,0,0,0,0,0.9997,72.0,0.0,0,-1.0
302954,duplicate,758,117,0,1,1,1,0,0,0,0,0,0,0.9997,72.0,0.0,0,-1.0
302945,unlabelled,1543,182,0,0,1,0,0,2,0,0,0,0,0.9997,72.0,0.0127,2,0.28
302928,duplicate,1042,141,0,0,1,0,0,0,0,0,0,0,0.9997,72.0,0.0,0,-1.0
302925,duplicate,10146,696,0,0,1,0,0,0,0,0,0,0,0.9999,72.0,0.0,0,-1.0
302924,duplicate,1060,143,0,0,1,0,0,0,0,0,0,0,0.9997,72.0,0.0,0,-1.0
302922,duplicate,1219,158,0,0,1,0,0,0,0,0,0,0,0.9997,72.0,0.0,0,-1.0
302921,duplicate,1219,158,0,0,1,0,0,0,0,0,0,0,0.9997,72.0,0.0,0,-1.0
302919,unlabelled,1350,169,0,0,1,0,0,0,0,0,0,0,0.9996,72.0,0.0,0,-1.0
302918,unlabelled,1350,169,0,0,1,0,0,0,0,0,0,0,0.9996,72.0,0.0,0,-1.0
302899,duplicate,1221,155,0,0,1,0,0,0,0,0,0,0,0.9997,72.0,0.0,0,-1.0
302896,duplicate,1249,169,0,0,1,0,0,1,0,0,0,0,0.9997,72.0,0.0064,1,0.43
302894,duplicate,777,111,0,0,0,0,0,0,0,0,0,0,0.9997,72.0,0.0,0,-1.0
302889,info_needed,1179,157,0,0,1,0,0,0,1,0,0,0,0.9878,72.0,0.0191,1,-1.0
302886,duplicate,1288,174,0,0,1,1,0,2,0,0,0,0,0.9997,72.0,0.0127,1,4.17
302882,duplicate,1275,177,0,0,1,0,0,0,0,0,0,0,0.9997,72.0,0.0,0,-1.0
302879,error,464,71,1,1,0,0,0,2,1,0,0,0,0.9226,72.0,0.0318,3,5.54
302874,duplicate,2634,209,0,0,1,0,0,0,0,0,0,0,0.9997,72.0,0.0,0,-1.0
302871,unlabelled,1300,174,0,0,1,1,0,1,1,0,0,0,0.9886,72.0,0.0255,2,0.63
302868,duplicate,1198,150,0,0,1,0,0,0,0,0,0,0,0.9999,72.0,0.0,0,-1.0
302867,duplicate,1153,151,0,0,1,0,0,1,0,0,0,0,0.9997,72.0,0.0064,1,0.67
302864,duplicate,1181,144,0,0,1,0,0,0,0,0,0,0,0.9997,72.0,0.0,0,-1.0
302861,duplicate,1215,159,0,0,1,1,0,0,0,0,0,0,0.999,72.0,0.0,0,-1.0
302859,duplicate,3338,301,0,0,1,0,0,2,0,0,0,0,0.9989,72.0,0.0127,1,1.35
302858,duplicate,1271,166,0,0,1,0,0,0,0,0,0,0,0.9986,72.0,0.0,0,-1.0
302857,duplicate,1271,166,0,0,1,0,0,0,0,0,0,0,0.9986,72.0,0.0,0,-1.0
302856,duplicate,1271,166,0,0,1,0,0,0,0,0,0,0,0.9986,72.0,0.0,0,-1.0
302850,duplicate,850,115,0,0,1,0,0,0,0,0,0,0,0.9975,72.0,0.0,0,-1.0
302849,duplicate,3919,295,0,0,1,0,1,1,0,0,1,0,0.9972,72.0,0.0064,1,18.28
302845,triage,197,27,0,1,0,0,0,0,1,0,0,0,0.9938,24.0,0.0191,1,-1.0
302844,triage,197,27,0,1,0,0,0,0,1,0,0,0,0.9933,24.0,0.0191,1,-1.0
302843,duplicate,197,27,0,1,0,0,0,0,0,0,0,0,0.9982,72.0,0.0,0,-1.0
302842,duplicate,197,27,0,1,0,0,0,0,0,0,0,0,0.9982,72.0,0.0,0,-1.0
302841,duplicate,197,27,0,1,0,0,0,0,0,0,0,0,0.9982,72.0,0.0,0,-1.0
302837,unlabelled,1254,160,0,0,1,0,0,0,0,0,0,0,0.9936,72.0,0.0,0,-1.0
302833,triage,1103,151,0,0,1,0,0,0,1,0,0,0,0.9817,24.0,0.0191,1,-1.0
302828,triage,2333,198,0,0,1,0,0,0,1,0,0,0,0.9762,24.0,0.0191,1,-1.0
302827,triage,2333,198,0,0,1,0,0,0,1,0,0,0,0.9762,24.0,0.0191,1,-1.0
302826,duplicate,1399,189,0,0,1,0,0,0,1,0,0,0,0.9929,72.0,0.0191,1,-1.0
302822,triage,1115,140,0,0,1,0,0,0,1,0,0,0,0.9775,24.0,0.0191,1,-1.0
302805,billing,1814,255,0,0,1,0,0,0,1,0,0,0,0.99,24.0,0.0191,1,-1.0
302789,duplicate,1114,147,0,0,1,0,0,0,0,0,0,0,0.9994,72.0,0.0,0,-1.0
302786,ai_translated,1331,169,0,0,1,0,0,0,0,0,0,0,0.9982,72.0,0.0,0,-1.0
302735,triage,1338,177,0,0,1,0,0,0,0,0,0,0,0.9996,24.0,0.0,0,-1.0
302725,unlabelled,1509,180,0,0,1,0,1,1,0,0,1,0,0.9997,72.0,0.0064,1,0.25
302723,billing,1473,187,0,0,1,0,0,0,0,0,0,0,0.9992,24.0,0.0,0,-1.0
302717,triage,982,137,0,0,1,0,0,1,1,0,0,0,0.8954,24.0,0.0255,2,2.34
302715,unlabelled,1222,166,0,0,1,0,0,0,0,0,0,0,0.9996,72.0,0.0,0,-1.0
302709,triage,624,116,0,1,1,1,1,3,1,0,1,0,0.9717,24.0,0.0382,3,0.04
302707,question,416,73,1,1,0,0,0,2,3,0,0,0,0.8882,72.0,0.0701,5,1.07
302705,unlabelled,1587,202,0,0,1,1,0,0,0,0,0,0,0.9997,72.0,0.0,0,-1.0
302694,ai_translated,1179,147,0,0,1,0,0,0,0,0,0,0,0.9996,72.0,0.0,0,-1.0
302675,ai_translated,1315,168,0,0,1,0,0,0,0,0,0,0,0.9996,72.0,0.0,0,-1.0
302669,released,439,74,1,1,0,1,0,3,1,0,0,0,0.7475,72.0,0.0382,3,10.32
302668,unlabelled,515,85,1,1,0,1,0,2,1,0,0,0,0.8694,72.0,0.0318,3,9.4
302660,unlabelled,514,87,1,0,0,1,1,2,1,0,1,0,0.8679,72.0,0.0318,3,0.03
302657,unlabelled,1353,173,0,0,1,0,0,0,0,0,0,0,0.9996,72.0,0.0,0,-1.0
302649,unlabelled,1334,184,0,0,1,0,0,0,0,0,0,0,0.9996,72.0,0.0,0,-1.0
302642,unlabelled,2221,221,0,0,1,0,0,2,1,0,0,0,0.8897,72.0,0.0318,3,0.01
302614,unlabelled,1297,179,0,0,1,0,0,0,0,0,0,0,0.9997,72.0,0.0,0,-1.0
302613,duplicate,695,124,1,0,1,1,1,7,2,0,1,0,0.7703,72.0,0.0828,5,0.06
302600,triage,1211,152,0,0,1,0,0,2,0,0,0,0,0.9904,24.0,0.0127,2,0.23
302598,unlabelled,386,64,0,1,0,1,0,3,2,0,0,0,0.6871,72.0,0.0573,4,0.01
302597,bug,378,64,0,1,1,0,0,5,2,0,0,0,0.9935,48.0,0.0701,6,0.14
302590,engineering,277,42,0,1,1,0,1,13,1,1,1,0,0.9885,72.0,0.1274,6,0.11
302585,unlabelled,2658,285,0,0,1,0,0,5,1,0,0,0,0.9867,72.0,0.051,6,0.11
302581,unlabelled,217,38,0,1,0,0,0,5,3,0,0,0,0.7585,72.0,0.0892,7,0.01
302578,triage,46,10,1,1,0,0,0,1,0,0,0,0,0.9992,24.0,0.0064,1,0.04
302570,duplicate,471,81,0,1,1,0,1,7,2,0,1,0,0.9779,72.0,0.0828,9,0.08
302565,unlabelled,1209,156,0,0,1,0,0,0,1,0,0,0,0.9997,72.0,0.0191,1,-1.0
302561,unlabelled,1799,219,0,0,1,0,0,0,0,0,0,0,0.9996,72.0,0.0,0,-1.0
302560,unlabelled,1799,219,0,0,1,0,0,0,0,0,0,0,0.9996,72.0,0.0,0,-1.0
302559,unlabelled,1799,219,0,0,1,0,0,0,0,0,0,0,0.9996,72.0,0.0,0,-1.0
302525,ai_translated,1610,207,0,0,1,0,0,0,0,0,0,0,0.9931,72.0,0.0,0,-1.0
302524,bug,587,98,0,1,0,1,1,3,3,0,1,0,0.986,48.0,0.0764,6,0.67
302504,duplicate,1194,163,0,0,1,0,0,1,0,0,0,0,0.9515,72.0,0.0064,1,3.49
302502,bug,2333,211,0,0,1,0,0,3,1,2,0,0,0.926,48.0,0.0892,3,1.15
302501,duplicate,6006,584,0,0,1,0,1,1,2,0,1,0,0.8165,72.0,0.0446,3,13.2
302499,bug,10142,683,0,0,1,0,1,4,1,0,1,0,0.5162,48.0,0.0446,3,0.09
302477,bug,122,20,1,1,0,0,1,2,1,0,1,0,0.3056,48.0,0.0318,3,0.0
302475,bug,3148,561,0,1,0,0,1,2,1,0,1,0,0.1208,48.0,0.0318,2,23.48
302471,unlabelled,1104,177,1,0,0,1,1,2,0,0,1,0,0.9997,72.0,0.0127,1,0.0
302467,unlabelled,2604,336,0,1,0,0,0,1,0,0,0,0,0.9993,72.0,0.0064,1,0.62
302465,unlabelled,2582,332,0,1,0,0,0,1,0,0,0,0,0.9996,72.0,0.0064,1,0.07
302452,info_needed,3492,328,0,0,1,0,1,4,3,0,1,0,0.9124,72.0,0.0828,5,0.01
302443,billing,7956,720,0,0,1,0,1,1,0,0,1,0,0.9988,24.0,0.0064,1,44.99
302439,invalid,130,23,1,1,0,1,0,2,0,0,0,0,0.9996,72.0,0.0127,1,0.03
302438,unlabelled,329,51,0,1,0,0,0,0,0,0,0,0,0.9996,72.0,0.0,0,-1.0
302405,duplicate,952,160,0,1,0,1,0,1,2,0,0,0,0.6092,72.0,0.0446,3,27.83
302365,invalid,136,24,1,1,0,1,0,1,0,0,0,0,0.9996,72.0,0.0064,1,0.84
302345,not-reproducible,38,3,1,1,1,0,0,6,1,0,0,0,0.5765,72.0,0.0573,4,11.46
302337,bug,817,141,1,1,0,0,0,2,1,0,0,0,0.8606,48.0,0.0318,3,6.69
302306,billing,2345,283,0,0,1,1,0,2,0,0,0,0,0.9988,24.0,0.0127,1,0.3
302293,triage,16,3,1,1,0,0,0,0,0,0,0,0,0.9983,24.0,0.0,0,-1.0
302286,triage,207,34,0,1,0,0,0,2,0,0,0,0,0.9983,24.0,0.0127,1,0.04
302281,released,378,72,1,1,0,0,0,4,1,0,0,0,0.3042,72.0,0.0446,3,0.02
302279,bug,358,64,1,1,0,0,0,3,3,0,0,0,0.5992,48.0,0.0764,5,1.81
302242,unlabelled,1301,163,0,0,1,0,0,0,0,0,0,0,0.9997,72.0,0.0,0,-1.0
302240,unlabelled,1703,203,0,0,1,0,0,0,0,0,0,0,0.9996,72.0,0.0,0,-1.0
302239,as-designed,3391,307,0,0,1,0,0,2,3,0,0,0,0.3653,72.0,0.0701,5,45.7
302229,bug,69,11,1,1,0,0,0,2,1,0,0,0,0.5519,48.0,0.0318,2,1.04
302174,triage,501,68,0,0,1,0,0,2,0,0,0,0,0.9958,24.0,0.0127,1,0.02
302137,unlabelled,128,23,1,1,1,0,0,2,2,0,0,0,0.6885,72.0,0.051,4,2.46
302130,ai_translated,540,63,0,1,0,0,0,0,0,0,0,0,0.9996,72.0,0.0,0,-1.0
302097,triage,172,30,1,0,0,1,0,3,0,0,0,0,0.9996,24.0,0.0191,1,0.01
302096,info_needed,2123,215,0,0,1,0,1,4,2,0,1,0,0.0969,72.0,0.0637,4,47.78
302069,unlabelled,462,87,0,1,0,1,0,9,2,0,0,0,0.6264,72.0,0.0955,10,0.05
302062,bug,2174,387,1,1,0,0,1,5,3,0,1,0,0.9438,48.0,0.0892,5,0.11
302054,bug,260,45,1,1,0,0,0,2,1,0,0,0,0.7929,48.0,0.0318,2,9.0
302049,duplicate,446,77,0,1,0,0,0,1,2,0,0,0,0.8342,72.0,0.0446,3,11.92
302014,bug,548,97,1,1,0,1,0,2,1,0,0,0,0.4998,48.0,0.0318,3,18.84
302005,triage,1868,313,0,1,0,1,0,5,1,0,0,0,0.7025,24.0,0.051,5,0.44
301993,info_needed,1018,170,0,1,0,0,0,5,1,0,0,0,0.8814,72.0,0.051,5,0.74
301989,billing,435,78,0,1,0,1,0,4,0,0,0,0,0.9992,24.0,0.0255,2,0.03
301988,duplicate,886,148,0,0,0,1,1,5,1,0,1,0,0.8754,72.0,0.051,5,0.39
301985,info_needed,1880,277,0,0,1,0,1,4,1,0,1,0,0.1007,72.0,0.0446,3,30.94
301981,bug,88,16,1,1,0,0,0,3,2,0,0,0,0.7327,48.0,0.0573,4,0.02
301980,billing,1719,205,0,0,0,0,0,1,0,0,0,0,0.9988,24.0,0.0064,1,0.78
301979,billing,1719,205,0,0,0,0,0,5,0,0,0,0,0.9988,24.0,0.0318,3,0.16
301961,duplicate,1549,251,1,0,0,0,0,5,1,0,0,0,0.8492,72.0,0.051,5,1.18
301960,duplicate,1157,181,0,0,1,1,0,3,1,0,0,0,0.8458,72.0,0.0382,3,2.84
301955,invalid,29,1,1,1,0,0,0,1,0,0,0,0,0.9997,72.0,0.0064,1,0.02
301935,info_needed,616,111,0,0,0,1,0,3,2,0,0,0,0.5714,72.0,0.0573,5,4.76
301928,bug,267,44,1,1,0,0,1,2,1,0,1,0,0.4321,48.0,0.0318,3,1.22
301922,triage,774,104,0,1,0,0,0,2,0,0,0,0,0.9996,24.0,0.0127,1,0.0
301921,duplicate,2065,213,0,0,0,0,1,4,1,0,1,0,0.7864,72.0,0.0446,4,0.13
301912,duplicate,2392,278,0,0,1,0,0,2,1,0,0,0,0.7611,72.0,0.0318,2,17.15
301886,vscode-website,530,91,0,0,0,1,1,2,3,0,1,0,0.6924,72.0,0.0701,5,20.5
301879,bug,9931,819,0,0,1,0,1,3,3,0,1,0,0.5756,48.0,0.0764,5,0.03
301858,bug,275,48,1,1,0,0,0,6,1,0,0,0,0.9462,48.0,0.0573,4,0.32
301844,ai_translated,1095,108,0,1,0,0,0,1,0,0,0,0,0.9997,72.0,0.0064,1,0.26
301821,billing,1213,159,0,0,1,0,0,0,0,0,0,0,0.9992,24.0,0.0,0,-1.0
301819,bug,497,80,0,1,0,0,0,7,3,0,0,0,0.4312,48.0,0.1019,6,17.35
301802,duplicate,2043,310,0,0,0,0,0,4,1,0,0,0,0.5143,72.0,0.0446,4,18.68
301795,unlabelled,2836,405,0,0,0,0,0,1,0,0,0,0,0.9997,72.0,0.0064,1,0.07
301786,billing,2379,241,0,0,1,0,0,1,0,0,0,0,0.9992,24.0,0.0064,1,0.01
301782,invalid,128,23,1,0,0,1,0,1,0,0,0,0,0.9997,72.0,0.0064,1,0.02
301754,duplicate,2138,336,0,0,0,0,0,5,1,0,0,0,0.3756,72.0,0.051,5,11.1
301753,unlabelled,1001,171,1,1,0,0,0,8,1,0,0,0,0.3918,72.0,0.0701,4,0.06
301748,released,729,138,1,1,1,0,0,10,2,0,0,1,0.0,72.0,0.1019,4,44.02
301747,unlabelled,2173,268,0,0,1,0,1,3,1,0,1,0,0.9938,72.0,0.0382,2,0.11
301739,triage,256,48,1,1,0,1,0,2,1,0,0,1,0.0,24.0,0.0318,3,0.01
301733,ai_translated,1871,198,0,0,1,0,0,0,0,0,0,0,0.9997,72.0,0.0,0,-1.0
301732,ai_translated,1871,198,0,0,1,0,0,0,0,0,0,0,0.9997,72.0,0.0,0,-1.0
301723,invalid,126,23,1,1,0,1,1,1,0,0,1,0,0.9997,72.0,0.0064,1,0.26
301715,duplicate,319,59,0,1,0,1,1,2,2,0,1,1,0.0,72.0,0.051,4,92.18
301702,billing,2735,411,0,0,1,1,1,2,0,0,1,0,0.9992,24.0,0.0127,1,0.04
301694,unlabelled,512,85,0,1,1,0,0,9,1,0,0,1,0.0,72.0,0.0764,7,1.19
301685,invalid,139,25,1,1,0,1,0,1,0,0,0,0,0.9997,72.0,0.0064,1,0.92
301654,unlabelled,635,112,0,1,0,0,0,0,0,0,0,0,0.9997,72.0,0.0,0,-1.0
301641,billing,7902,753,0,0,1,1,0,2,0,0,0,0,0.9988,24.0,0.0127,1,0.01
301620,triage,1278,170,0,0,1,0,0,1,0,0,0,0,0.9054,24.0,0.0064,1,2.27
301619,bug,280,52,1,1,0,0,1,4,1,0,1,1,0.0,48.0,0.0446,4,52.17
301617,chat-ext-issue,512,82,0,1,0,0,1,5,0,0,1,1,0.0,72.0,0.0318,3,6.31
301609,bug,220,42,1,1,0,0,1,4,1,0,1,1,0.0,48.0,0.0446,3,0.48
301608,bug,791,144,1,1,0,0,0,0,1,0,0,1,0.0,48.0,0.0191,1,-1.0
301594,bug,273,53,1,1,0,0,1,5,1,0,1,1,0.0,48.0,0.051,3,0.07
301581,invalid,8,1,1,1,0,0,0,1,0,0,0,0,0.9997,72.0,0.0064,1,0.0
301578,unlabelled,1522,190,0,0,1,0,0,0,0,0,0,0,0.9997,72.0,0.0,0,-1.0
301568,bug,1477,215,1,1,0,0,0,1,1,0,0,1,0.0,48.0,0.0255,2,0.01
301563,bug,1128,184,1,1,0,0,1,3,1,0,1,0,0.7415,48.0,0.0382,3,0.03
301554,unlabelled,1593,202,0,0,1,0,0,0,1,0,0,0,0.9938,72.0,0.0191,1,-1.0
301553,info_needed,608,97,0,1,0,1,1,3,1,0,1,1,0.0,72.0,0.0382,3,75.21
301552,testplan-item,2759,449,1,1,0,0,0,2,3,0,0,1,0.0,72.0,0.0701,5,65.1
301547,duplicate,1244,193,0,0,0,1,0,6,2,0,0,0,0.0004,72.0,0.0764,6,0.07
301541,endgame-plan,1334,236,0,1,0,0,0,2,1,0,0,0,0.9549,72.0,0.0318,2,0.02
301530,billing,742,125,0,1,0,1,0,1,0,0,0,0,0.9992,24.0,0.0064,1,0.07
301521,billing,1343,173,0,0,1,0,0,0,0,0,0,0,0.9992,24.0,0.0,0,-1.0
301518,bug,1623,231,0,0,1,0,0,4,2,0,0,0,0.8831,48.0,0.0637,6,1.16
301515,invalid,12,2,1,1,0,0,0,1,0,0,0,0,0.9997,72.0,0.0064,1,0.01
301508,bug,1318,253,0,1,1,1,1,5,3,0,1,1,0.0,48.0,0.0892,8,2.77
301506,unlabelled,2235,262,0,0,1,0,1,2,1,0,1,1,0.0,72.0,0.0318,3,1.35
301498,unlabelled,688,103,0,1,0,1,1,4,1,0,1,0,0.9253,72.0,0.0446,3,0.01
301491,bug,1600,205,0,0,1,0,0,3,4,0,0,1,0.0,48.0,0.0955,6,2.64
301464,billing,1313,183,0,0,1,0,0,1,0,0,0,0,0.9992,24.0,0.0064,1,0.05
301458,bug,2145,345,0,0,1,1,1,58,3,0,1,1,0.0,48.0,0.4268,48,3.08
301451,invalid,1234,159,0,0,1,0,0,2,0,0,0,0,0.9999,72.0,0.0127,1,0.01
301440,duplicate,1810,196,0,0,0,1,0,4,2,0,0,1,0.0,72.0,0.0637,6,0.38
301428,unlabelled,2238,364,1,0,1,0,0,2,1,0,0,0,0.8864,72.0,0.0318,3,8.18
301426,invalid,1075,135,0,0,1,0,0,0,0,0,0,0,0.9997,72.0,0.0,0,-1.0
301421,unlabelled,1696,287,0,1,1,0,1,2,1,0,1,0,0.906,72.0,0.0318,3,0.08
301405,unlabelled,460,72,0,0,0,1,1,10,1,0,1,1,0.0,72.0,0.0828,9,0.05
301403,duplicate,914,127,0,0,0,1,1,13,1,0,1,1,0.0,72.0,0.1019,13,0.75
301395,as-designed,8108,688,0,0,1,0,0,4,2,0,0,1,0.0,72.0,0.0637,6,0.77
301394,duplicate,396,70,0,1,0,1,0,3,1,0,0,1,0.0,72.0,0.0382,4,0.05
301391,unlabelled,37,6,1,1,0,0,1,2,1,0,1,0,0.6208,72.0,0.0318,3,20.34
301377,duplicate,191,22,1,1,0,0,0,2,1,0,0,0,0.475,72.0,0.0318,3,0.06
301352,triage,1239,137,0,1,0,1,0,1,1,0,0,1,0.0,24.0,0.0255,2,87.93
301324,unlabelled,1985,322,0,0,0,1,1,3,1,0,1,0,0.7736,72.0,0.0382,3,16.3
301318,unlabelled,879,114,0,0,1,0,0,0,0,0,0,0,0.9996,72.0,0.0,0,-1.0
301314,unlabelled,1640,198,0,0,1,0,0,0,0,0,0,0,0.9996,72.0,0.0,0,-1.0
301305,bug,260,40,1,1,0,0,1,2,2,0,1,0,0.9769,48.0,0.051,3,0.02
301301,testplan-item,288,47,1,1,0,0,0,3,3,0,0,1,0.0,72.0,0.0764,6,81.09
301299,unlabelled,1802,218,0,0,1,0,0,1,0,0,0,0,0.9997,72.0,0.0064,1,0.03
301296,bug,145,30,1,1,0,1,0,3,1,0,0,1,0.0,48.0,0.0382,3,0.18
301272,unlabelled,1386,165,0,0,1,0,1,1,0,0,1,0,0.9996,72.0,0.0064,1,0.25
301269,duplicate,552,94,0,1,0,0,0,2,1,0,0,0,0.9896,72.0,0.0318,3,0.05
301244,triage,529,90,0,1,0,1,1,6,1,0,1,1,0.0,24.0,0.0573,6,4.02
301243,unlabelled,165,25,0,1,0,0,0,2,0,0,0,0,0.999,72.0,0.0127,1,0.01
301234,testplan-item,545,99,1,1,0,0,0,2,2,0,0,1,0.0,72.0,0.051,4,84.25
301169,released,657,113,1,1,0,0,0,2,2,0,0,0,0.6261,72.0,0.051,4,2.19
301144,triage,1753,190,0,0,1,0,0,1,1,0,0,0,0.9829,24.0,0.0255,2,0.41
301131,invalid,1236,157,0,0,1,0,0,1,0,0,0,0,0.9997,72.0,0.0064,1,0.01
301130,invalid,1236,157,0,0,1,0,1,1,0,0,1,0,0.9996,72.0,0.0064,1,0.33
301121,bug,2683,267,0,0,0,0,0,1,2,0,0,0,0.47,48.0,0.0446,3,0.0
301116,duplicate,404,60,0,1,1,1,0,2,1,0,0,1,0.0,72.0,0.0318,3,0.41
301110,unlabelled,150,27,0,1,0,0,0,2,3,0,0,1,0.0,72.0,0.0701,5,2.25
301107,unlabelled,1078,159,0,0,1,0,0,2,1,0,0,0,0.741,72.0,0.0318,3,0.97
301094,unlabelled,1658,256,0,1,1,0,1,1,1,0,1,0,0.9724,72.0,0.0255,2,1.99
301092,bug,890,133,0,1,0,1,1,4,2,0,1,0,0.4325,48.0,0.0637,6,7.57
301084,duplicate,2759,380,0,0,1,0,0,1,1,0,0,0,0.46,72.0,0.0255,2,38.86
301080,triage,220,39,0,1,1,1,0,1,0,0,0,1,0.0,24.0,0.0064,1,0.27
301079,triage,2189,202,0,0,1,0,0,0,0,0,0,1,0.0,24.0,0.0,0,-1.0
301077,triage,1156,151,0,0,1,0,0,0,0,0,0,1,0.0,24.0,0.0,0,-1.0
301070,triage,193,35,1,1,0,1,0,1,0,0,0,1,0.0,24.0,0.0064,1,1.26
301064,triage,1145,153,0,0,1,0,0,0,0,0,0,1,0.0,24.0,0.0,0,-1.0
301060,bug,332,57,0,1,0,1,1,12,4,0,1,1,0.0,48.0,0.1529,12,0.01
301058,triage,127,23,1,1,0,1,0,0,1,0,0,1,0.0,24.0,0.0191,1,-1.0
301052,unlabelled,1840,302,1,1,1,0,0,3,2,0,0,0,0.8917,72.0,0.0573,4,0.01
301047,ai_translated,1346,162,0,0,1,0,0,0,0,0,0,0,0.9997,72.0,0.0,0,-1.0
301038,triage,209,36,1,1,0,1,0,1,0,0,0,1,0.0,24.0,0.0064,1,12.64
301032,unlabelled,887,133,0,0,1,1,1,5,1,0,1,0,0.7529,72.0,0.051,6,0.4
301030,triage,1133,147,0,0,1,0,0,0,0,0,0,1,0.0,24.0,0.0,0,-1.0
301027,triage,222,39,1,1,0,1,0,0,0,0,0,1,0.0,24.0,0.0,0,-1.0
301025,triage,869,115,0,0,1,0,0,0,0,0,0,1,0.0,24.0,0.0,0,-1.0
301013,bug,380,67,1,1,0,1,0,3,2,0,0,1,0.0,48.0,0.0573,4,0.41
301011,bug,725,117,0,0,0,1,1,151,2,0,1,1,0.0,48.0,1.0,89,0.35
301002,triage,210,36,0,1,0,0,0,0,0,0,0,1,0.0,24.0,0.0,0,-1.0
301001,duplicate,433,75,1,1,1,1,0,5,1,0,0,1,0.0,72.0,0.051,6,0.74
300996,triage,343,46,0,1,0,0,1,2,1,0,1,1,0.0,24.0,0.0318,3,128.71
300990,triage,1098,138,0,0,1,0,0,0,0,0,0,1,0.0,24.0,0.0,0,-1.0
300985,duplicate,628,89,0,1,1,0,0,6,1,0,0,1,0.0,72.0,0.0573,6,0.53
300984,unlabelled,1524,188,0,0,1,0,0,0,0,0,0,0,0.9997,72.0,0.0,0,-1.0
300982,triage,1180,146,0,0,1,0,0,0,0,0,0,1,0.0,24.0,0.0,0,-1.0
300975,triage,140,25,1,1,0,1,0,1,1,0,0,1,0.0,24.0,0.0255,2,17.83
300974,info_needed,1164,143,0,0,1,0,0,3,1,0,0,1,0.0,72.0,0.0382,3,107.8
300972,triage,1088,137,0,0,1,0,0,0,0,0,0,1,0.0,24.0,0.0,0,-1.0
300971,triage,1088,137,0,0,1,0,0,0,0,0,0,1,0.0,24.0,0.0,0,-1.0
300970,unlabelled,3274,299,0,0,1,0,0,4,0,0,0,0,0.9994,72.0,0.0255,2,0.21
300968,triage,1897,173,0,0,1,0,0,1,1,0,0,1,0.0,24.0,0.0255,2,40.81
300960,triage,805,107,0,0,1,0,0,0,0,0,0,1,0.0,24.0,0.0,0,-1.0
300959,triage,1105,140,0,0,1,0,0,0,0,0,0,1,0.0,24.0,0.0,0,-1.0
300947,triage,2983,104,1,0,0,1,0,0,0,0,0,1,0.0,24.0,0.0,0,-1.0
300941,released,114,21,1,1,0,1,0,2,1,0,0,0,0.4467,72.0,0.0318,3,116.48
300937,info_needed,208,37,1,0,0,1,0,2,3,0,0,1,0.0,72.0,0.0701,5,0.83
300930,triage,635,104,0,1,0,0,1,5,1,0,1,1,0.0,24.0,0.051,5,9.77
300928,invalid,133,24,1,1,0,1,0,1,0,0,0,0,0.9996,72.0,0.0064,1,0.01
300922,released,338,66,1,1,0,1,0,3,1,0,0,0,0.9922,72.0,0.0382,3,0.02
300919,bug,1096,153,0,0,0,1,1,3,4,0,1,1,0.0,48.0,0.0955,7,11.1
300918,triage,1143,150,0,0,1,0,0,0,0,0,0,1,0.0,24.0,0.0,0,-1.0
300911,info_needed,450,69,0,1,0,0,0,1,1,0,0,1,0.0,72.0,0.0255,2,1.78
300892,triage,1099,142,0,0,1,1,0,0,0,0,0,1,0.0,24.0,0.0,0,-1.0
300888,triage,333,52,0,1,0,0,0,0,0,0,0,1,0.0,24.0,0.0,0,-1.0
300876,triage,1251,156,0,0,1,0,0,0,0,0,0,1,0.0,24.0,0.0,0,-1.0
300875,ai_translated,471,52,0,1,0,0,0,0,0,0,0,0,0.9996,72.0,0.0,0,-1.0
300867,duplicate,187,29,1,1,0,0,0,1,1,0,0,1,0.0,72.0,0.0255,2,172.22
300866,testplan-item,2263,391,1,1,0,0,0,6,2,0,0,1,0.0,72.0,0.0764,6,37.36
300859,ai_translated,1260,170,0,0,1,0,0,0,1,0,0,0,0.9999,72.0,0.0191,1,-1.0
300856,triage,155,27,1,1,0,1,0,0,0,0,0,1,0.0,24.0,0.0,0,-1.0
300853,unlabelled,1381,170,0,0,1,0,0,0,0,0,0,0,0.9996,72.0,0.0,0,-1.0
300842,feature-request,3001,444,0,1,1,0,1,3,2,0,1,1,0.0,72.0,0.0573,4,119.09
300833,bug,3800,277,0,0,1,0,1,6,2,0,1,0,0.3015,48.0,0.0764,5,33.53
300829,triage,1069,133,0,0,1,0,0,1,0,0,0,0,0.9996,24.0,0.0064,1,0.01
300814,info_needed,1697,226,0,0,1,0,0,1,2,0,0,1,0.0,72.0,0.0446,3,1.32
300806,unlabelled,1870,212,0,0,1,0,0,1,3,0,0,0,0.861,72.0,0.0637,4,10.01
300802,triage,1149,149,0,0,1,0,0,0,0,0,0,1,0.0,24.0,0.0,0,-1.0
300801,triage,1101,140,0,0,1,0,0,0,0,0,0,1,0.0,24.0,0.0,0,-1.0
300800,triage,1101,140,0,0,1,0,0,0,0,0,0,1,0.0,24.0,0.0,0,-1.0
300798,inline-chat,601,106,0,1,1,1,1,2,1,0,1,0,0.9981,72.0,0.0318,3,0.06
300792,triage,133,24,1,1,0,1,0,0,1,0,0,0,0.6333,24.0,0.0191,1,-1.0
300789,billing,1093,183,0,1,0,1,0,0,0,0,0,0,0.9992,24.0,0.0,0,-1.0
300786,triage,1036,137,0,0,1,0,0,0,0,0,0,0,0.9988,24.0,0.0,0,-1.0
300785,triage,1036,137,0,0,1,0,0,0,0,0,0,0,0.9988,24.0,0.0,0,-1.0
300783,unlabelled,1266,167,0,0,1,1,0,0,0,0,0,0,0.9997,72.0,0.0,0,-1.0
300782,info_needed,7114,1033,0,0,1,0,0,1,1,0,0,1,0.0,72.0,0.0255,2,3.43
300777,triage,157,29,1,1,0,1,0,0,1,0,0,1,0.0,24.0,0.0191,1,-1.0
300774,triage,1744,254,0,0,1,0,0,1,0,0,0,1,0.0,24.0,0.0064,1,4.6
300768,triage,144,25,1,1,0,1,0,0,0,0,0,1,0.0,24.0,0.0,0,-1.0
300766,triage,2094,275,0,0,1,0,0,0,0,0,0,1,0.0,24.0,0.0,0,-1.0
300761,unlabelled,2601,267,0,0,1,1,1,61,1,0,1,1,0.0,72.0,0.4076,54,14.5
300757,info_needed,1138,158,0,0,1,0,0,3,1,0,0,0,0.9812,72.0,0.0382,3,0.12
300756,triage,1099,140,0,0,1,0,0,0,0,0,0,1,0.0,24.0,0.0,0,-1.0
300755,triage,1128,146,0,0,1,0,0,0,0,0,0,1,0.0,24.0,0.0,0,-1.0
300747,info_needed,1236,156,0,0,1,0,0,1,1,0,0,1,0.0,72.0,0.0255,2,0.12
300742,triage,1346,181,0,0,1,0,0,0,0,0,0,1,0.0,24.0,0.0,0,-1.0
300733,triage,1673,197,0,0,1,0,0,0,0,0,0,1,0.0,24.0,0.0,0,-1.0
300732,billing,1216,205,0,1,0,1,0,0,0,0,0,0,0.9992,24.0,0.0,0,-1.0
300728,unlabelled,1007,170,0,0,0,0,0,1,0,0,0,0,0.9996,72.0,0.0064,1,0.08
300726,triage,173,30,1,0,1,1,0,1,0,0,0,1,0.0,24.0,0.0064,1,0.01
300725,unlabelled,1011,127,0,0,1,0,0,0,0,0,0,0,0.9996,72.0,0.0,0,-1.0
300723,triage,1261,159,0,0,1,0,0,0,0,0,0,1,0.0,24.0,0.0,0,-1.0
300719,info_needed,146,27,1,1,0,1,0,0,1,0,0,1,0.0,72.0,0.0191,1,-1.0
300715,unlabelled,1313,158,0,0,1,0,0,0,0,0,0,0,0.9996,72.0,0.0,0,-1.0
300706,triage,215,36,0,1,0,0,0,0,0,0,0,1,0.0,24.0,0.0,0,-1.0
300699,triage,1064,135,0,0,1,0,0,0,0,0,0,1,0.0,24.0,0.0,0,-1.0
300695,unlabelled,1254,157,0,0,1,0,0,0,0,0,0,0,0.9997,72.0,0.0,0,-1.0
300694,info_needed,262,33,0,1,0,0,0,1,2,0,0,0,0.874,72.0,0.0446,3,9.07
300693,unlabelled,1560,265,0,0,1,1,1,2,0,0,1,0,0.9997,72.0,0.0127,1,0.17
300692,ai_translated,2715,212,0,0,1,0,0,3,1,0,0,1,0.0,72.0,0.0382,4,52.98
300690,triage,119,21,1,1,0,0,0,0,0,0,0,0,0.9992,24.0,0.0,0,-1.0
300681,unlabelled,5892,609,0,0,1,0,1,2,2,0,1,0,0.8642,72.0,0.051,4,0.01
300680,triage,178,32,1,1,0,1,0,0,0,0,0,1,0.0,24.0,0.0,0,-1.0
300672,triage,133,24,1,1,0,1,0,0,0,0,0,1,0.0,24.0,0.0,0,-1.0
300671,unlabelled,1395,165,0,0,1,0,0,0,0,0,0,0,0.9997,72.0,0.0,0,-1.0
300670,triage,3354,251,0,0,1,0,0,0,0,0,0,1,0.0,24.0,0.0,0,-1.0
300668,triage,131,24,1,1,0,1,0,0,0,0,0,1,0.0,24.0,0.0,0,-1.0
300667,triage,1192,156,0,0,1,0,0,0,0,0,0,1,0.0,24.0,0.0,0,-1.0
300661,triage,564,103,0,1,1,1,0,0,0,0,0,1,0.0,24.0,0.0,0,-1.0
300660,triage,135,20,1,1,0,0,0,0,0,0,0,1,0.0,24.0,0.0,0,-1.0
300655,duplicate,1466,229,0,1,1,1,1,7,1,0,1,0,0.8606,72.0,0.0637,7,0.08
300652,triage,1105,150,0,0,1,0,0,0,0,0,0,1,0.0,24.0,0.0,0,-1.0
300649,unlabelled,1283,170,0,0,1,0,0,0,0,0,0,0,0.9996,72.0,0.0,0,-1.0
300646,triage,1452,184,0,0,1,0,1,1,0,0,1,1,0.0,24.0,0.0064,1,67.96
300643,triage,141,26,1,1,0,1,0,0,0,0,0,1,0.0,24.0,0.0,0,-1.0
300635,invalid,130,24,1,1,0,1,0,1,0,0,0,0,0.9997,72.0,0.0064,1,0.01
300634,info_needed,3388,503,0,0,1,0,0,4,2,0,0,1,0.0,72.0,0.0637,6,0.09
300631,triage,1495,183,0,0,1,0,0,0,0,0,0,1,0.0,24.0,0.0,0,-1.0
300630,triage,160,28,1,1,0,1,0,0,0,0,0,1,0.0,24.0,0.0,0,-1.0
300627,triage,136,24,1,1,0,1,0,0,0,0,0,1,0.0,24.0,0.0,0,-1.0
300626,billing,1282,176,0,0,1,0,0,1,0,0,0,0,0.9938,24.0,0.0064,1,8.09
300621,triage,1198,171,0,0,1,0,0,0,0,0,0,1,0.0,24.0,0.0,0,-1.0
300611,triage,1214,160,0,0,1,0,0,0,0,0,0,1,0.0,24.0,0.0,0,-1.0
300602,unlabelled,2802,249,0,0,0,1,0,5,2,0,0,1,0.0,72.0,0.0701,7,54.66
300601,bug,1081,185,1,1,1,1,1,4,1,0,1,0,0.4375,48.0,0.0446,4,7.93
300595,triage,1248,154,0,0,1,0,0,0,0,0,0,1,0.0,24.0,0.0,0,-1.0
300590,triage,1215,153,0,0,1,0,0,1,0,0,0,1,0.0,24.0,0.0064,1,32.97
300581,info_needed,217,41,1,1,0,0,0,2,1,0,0,1,0.0,72.0,0.0318,3,76.77
300572,endgame-plan,3032,524,0,1,0,0,0,2,2,0,0,1,0.0,72.0,0.051,4,167.88
300561,triage,133,24,1,1,0,1,0,0,0,0,0,1,0.0,24.0,0.0,0,-1.0
300553,info_needed,186,31,1,1,0,0,0,3,2,0,0,1,0.0,72.0,0.0573,4,78.79
300549,triage,1095,142,0,0,1,0,0,0,0,0,0,1,0.0,24.0,0.0,0,-1.0
300548,unlabelled,1505,181,0,0,0,0,0,1,0,0,0,0,0.9996,72.0,0.0064,1,0.02
300545,bug,584,109,1,1,0,0,0,2,2,0,0,1,0.0,48.0,0.051,3,80.5
300542,unlabelled,1405,177,0,0,1,0,0,0,0,0,0,0,0.9988,72.0,0.0,0,-1.0
300536,bug,2234,359,0,1,0,1,1,2,2,0,1,0,0.2756,48.0,0.051,4,32.15
300530,triage,2005,326,0,0,0,0,0,0,0,0,0,1,0.0,24.0,0.0,0,-1.0
300526,triage,1256,150,0,0,1,1,0,0,1,0,0,0,0.9992,24.0,0.0191,1,-1.0
300523,triage,1474,160,0,0,1,0,0,0,0,0,0,1,0.0,24.0,0.0,0,-1.0
300516,triage,144,25,1,0,0,1,0,0,0,0,0,1,0.0,24.0,0.0,0,-1.0
300512,triage,1614,223,0,0,1,0,0,0,0,0,0,1,0.0,24.0,0.0,0,-1.0
300511,invalid,133,23,1,1,0,1,0,1,0,0,0,0,0.9997,72.0,0.0064,1,0.01
300510,info_needed,1563,223,0,0,1,0,0,4,1,0,0,1,0.0,72.0,0.0446,3,22.63
300509,triage,1332,153,0,0,1,0,0,0,0,0,0,1,0.0,24.0,0.0,0,-1.0
300508,triage,1663,201,0,0,1,0,0,0,0,0,0,1,0.0,24.0,0.0,0,-1.0
300507,unlabelled,42,7,1,1,0,0,1,5,2,0,1,0,0.3031,72.0,0.0701,4,1.17
300503,unlabelled,1295,180,0,0,1,0,0,0,0,0,0,0,0.9996,72.0,0.0,0,-1.0
300502,bug,3593,274,0,0,1,0,1,4,1,0,1,0,0.8235,48.0,0.0446,3,0.06
300500,bug,426,71,0,1,0,0,0,2,1,0,0,0,0.6292,48.0,0.0318,3,0.61
300482,released,197,35,1,1,0,0,0,2,3,0,0,0,0.2506,72.0,0.0701,5,4.01
300481,triage,1097,139,0,0,1,0,0,6,0,0,0,1,0.0,24.0,0.0382,3,0.33
300480,released,717,117,1,1,0,1,0,1,2,0,0,1,0.0,72.0,0.0446,3,78.3
300479,info_needed,262,47,1,0,0,1,0,0,1,0,0,1,0.0,72.0,0.0191,1,-1.0
300476,triage,1062,133,0,0,1,0,0,0,0,0,0,1,0.0,24.0,0.0,0,-1.0
300471,triage,1153,147,0,0,1,0,0,0,0,0,0,1,0.0,24.0,0.0,0,-1.0
300462,triage,1105,140,0,0,1,0,0,0,0,0,0,1,0.0,24.0,0.0,0,-1.0
300451,triage,1063,140,0,0,1,0,0,0,0,0,0,1,0.0,24.0,0.0,0,-1.0
300449,billing,856,126,0,0,0,0,0,0,0,0,0,0,0.9992,24.0,0.0,0,-1.0
300446,bug,4934,294,0,0,1,0,1,5,2,0,1,0,0.6235,48.0,0.0701,5,1.78
300441,invalid,126,23,1,1,0,1,0,1,0,0,0,0,0.9997,72.0,0.0064,1,0.0
300427,triage,1073,139,0,0,1,0,0,0,0,0,0,1,0.0,24.0,0.0,0,-1.0
300421,unlabelled,1325,171,0,0,1,0,0,0,0,0,0,0,0.9997,72.0,0.0,0,-1.0
300420,unlabelled,745,121,0,1,0,0,1,7,3,0,1,0,0.6278,72.0,0.1019,10,0.04
300419,bug,3121,268,0,0,1,0,1,4,2,0,1,0,0.1819,48.0,0.0637,6,2.35
300413,feature-request,432,67,0,1,0,1,1,3,3,0,1,1,0.0,72.0,0.0764,5,154.21
300401,ai_translated,1004,129,0,0,1,0,0,0,0,0,0,0,0.9996,72.0,0.0,0,-1.0
300399,triage,754,116,0,1,0,0,1,2,1,0,1,0,0.835,24.0,0.0318,3,0.02
300394,triage,195,27,0,1,0,0,0,0,0,0,0,1,0.0,24.0,0.0,0,-1.0
300388,unlabelled,1659,201,0,0,1,0,0,0,0,0,0,0,0.9997,72.0,0.0,0,-1.0
300387,unlabelled,1659,201,0,0,1,0,0,0,0,0,0,0,0.9997,72.0,0.0,0,-1.0
111661,type:bug,965,99,0,0,1,1,1,2,2,0,1,0,0.5669,72.0,0.051,4,3.49
110532,type:bug,253,34,1,1,0,0,1,5,2,0,1,1,0.0,72.0,0.0701,6,2.01
110139,stat:awaiting response,1261,185,0,1,1,1,0,1,2,0,0,1,0.0,72.0,0.0446,3,0.66
109949,stat:awaiting response,911,139,0,1,0,1,1,3,2,0,1,1,0.0,72.0,0.0573,4,33.43
109523,stat:awaiting response,563,86,0,1,0,1,0,2,2,0,0,1,0.0,72.0,0.051,4,0.19
109522,stat:awaiting response,595,86,0,1,0,1,0,1,2,0,0,1,0.0,72.0,0.0446,3,207.54
109516,stat:awaiting response,581,86,0,1,0,1,0,1,2,0,0,1,0.0,72.0,0.0446,3,208.79
109469,stat:awaiting response,754,105,0,1,0,1,1,3,2,0,1,0,0.4347,72.0,0.0573,4,0.07
109112,stat:awaiting response,776,113,0,1,0,1,0,1,1,0,0,1,0.0,72.0,0.0255,2,346.96
109016,stat:awaiting response,810,118,0,1,0,1,0,2,2,0,0,1,0.0,72.0,0.051,4,364.91
109015,stat:awaiting response,799,116,0,0,0,1,0,2,2,0,0,1,0.0,72.0,0.051,4,363.25
108629,type:bug,629,90,0,1,0,1,0,1,1,0,0,0,0.7494,72.0,0.0255,2,18.04
108628,type:bug,1046,170,0,0,1,1,0,1,1,0,0,0,0.7439,72.0,0.0255,2,18.44
108608,type:bug,830,121,0,0,0,1,1,3,2,0,1,0,0.6297,72.0,0.0573,5,13.8
108605,type:bug,870,124,0,1,0,1,1,2,1,0,1,0,0.6244,72.0,0.0318,3,0.1
108594,type:support,2075,342,0,0,0,1,0,4,1,0,0,1,0.0,72.0,0.0446,4,50.85
108548,type:bug,741,107,0,1,0,1,0,1,2,0,0,0,0.4229,72.0,0.0446,3,41.55
108521,type:bug,707,106,1,1,0,1,1,2,1,0,1,0,0.9971,72.0,0.0318,3,0.21
108502,stat:awaiting response,767,116,0,0,0,1,1,1,1,0,1,1,0.0,72.0,0.0255,2,183.56
108501,stat:awaiting response,884,129,0,0,0,1,1,1,1,0,1,1,0.0,72.0,0.0255,2,184.78
108488,type:bug,881,129,0,0,1,1,1,3,1,0,1,0,0.6269,72.0,0.0382,3,7.19
108471,type:bug,663,98,1,1,0,1,1,4,1,0,1,1,0.0,72.0,0.0446,3,9.6
108306,stat:awaiting response,878,133,0,0,0,1,1,2,1,0,1,1,0.0,72.0,0.0318,3,3.14
108305,stat:awaiting response,843,129,0,0,0,1,1,2,2,0,1,1,0.0,72.0,0.051,4,99.22
108268,type:bug,863,123,0,1,0,1,1,5,2,0,1,1,0.0,72.0,0.0701,4,53.81
108266,stat:awaiting response,835,124,0,1,1,1,1,3,1,0,1,1,0.0,72.0,0.0382,4,12.54
108143,type:bug,848,126,0,0,0,1,1,2,1,0,1,1,0.0,72.0,0.0318,3,15.64
108094,stat:awaiting response,881,134,0,1,1,1,1,3,2,0,1,1,0.0,72.0,0.0573,5,2.04
108077,stat:awaiting response,860,121,0,0,0,1,0,1,1,0,0,1,0.0,72.0,0.0255,2,746.22
108073,stat:awaiting response,944,141,0,0,0,1,1,3,2,0,1,1,0.0,72.0,0.0573,5,193.42
108072,stat:awaiting response,915,138,0,1,1,1,0,2,1,0,0,1,0.0,72.0,0.0318,2,746.2
107978,type:bug,1051,165,0,0,1,1,0,2,2,0,0,0,0.2799,72.0,0.051,3,16.0
107723,type:bug,6340,679,0,0,1,1,0,1,1,0,0,0,0.9869,72.0,0.0255,2,0.94
107670,type:bug,4878,694,0,1,1,1,0,2,1,0,0,0,0.2211,72.0,0.0318,3,55.73
107439,type:build/install,501,73,0,1,1,1,0,2,2,0,0,1,0.0,72.0,0.051,4,216.95
107125,type:bug,820,133,0,0,0,1,1,3,1,0,1,1,0.0,72.0,0.0382,4,106.19
107123,stat:awaiting response,817,131,0,0,1,1,0,2,2,0,0,1,0.0,72.0,0.051,4,219.69
106760,stat:awaiting response,1432,230,0,0,0,0,0,4,1,0,0,1,0.0,72.0,0.0446,5,31.61
106494,type:bug,786,123,0,0,1,1,1,3,1,0,1,1,0.0,72.0,0.0382,4,480.55
106378,stat:awaiting response,874,135,0,0,1,1,0,2,3,0,0,1,0.0,72.0,0.0701,5,15.7
106085,type:performance,1710,272,0,1,0,1,0,2,1,0,0,0,0.7764,72.0,0.0318,2,14.82
105870,stat:awaiting response,2591,344,0,0,1,1,1,2,1,0,1,1,0.0,72.0,0.0318,3,0.05
105858,type:docs-bug,856,135,0,1,0,1,0,6,1,0,0,0,0.6389,72.0,0.0573,3,0.01
105815,type:bug,488,73,0,1,0,1,1,10,2,0,1,1,0.0,72.0,0.1019,5,0.87
105729,stat:awaiting response,928,133,0,0,0,1,0,2,2,0,0,1,0.0,72.0,0.051,4,3.18
105638,stat:awaiting response,1168,172,0,0,1,1,0,1,2,0,0,1,0.0,72.0,0.0446,3,114.94
105470,type:docs-bug,763,115,0,1,0,1,1,2,2,0,1,1,0.0,72.0,0.051,3,166.94
105332,stat:awaiting response,965,155,0,0,0,1,0,2,2,0,0,1,0.0,72.0,0.051,4,1800.28
105303,stat:awaiting response,1185,161,1,0,0,1,0,1,2,0,0,1,0.0,72.0,0.0446,3,90.3
105098,stat:awaiting response,1786,258,0,0,1,1,0,1,2,0,0,1,0.0,72.0,0.0446,3,61.8
105092,stat:awaiting response,720,118,0,1,0,1,0,3,2,0,0,0,0.1056,72.0,0.0573,4,0.09
104861,stat:awaiting response,1622,214,0,0,1,1,0,1,2,0,0,1,0.0,72.0,0.0446,3,1999.12
104859,stat:awaiting response,1334,183,0,0,1,1,0,1,2,0,0,1,0.0,72.0,0.0446,3,336.48
104858,stat:awaiting response,1006,138,0,0,0,1,0,1,2,0,0,1,0.0,72.0,0.0446,3,2092.35
104856,stat:awaiting response,2225,290,0,0,1,1,0,1,2,0,0,1,0.0,72.0,0.0446,3,2142.66
104855,stat:awaiting response,1355,183,0,0,1,1,0,1,2,0,0,1,0.0,72.0,0.0446,3,2019.39
104845,stat:awaiting response,1465,204,0,0,1,1,0,1,2,0,0,1,0.0,72.0,0.0446,3,1852.85
104763,type:support,800,124,0,0,0,0,1,2,1,0,1,1,0.0,72.0,0.0318,3,143.21
104564,type:bug,219,39,1,1,0,1,0,3,1,0,0,1,0.0,72.0,0.0382,3,21.73
104521,type:bug,524,79,0,0,0,1,1,9,1,0,1,1,0.0,72.0,0.0764,3,98.4
104364,stat:awaiting response,563,84,0,1,0,1,0,1,1,0,0,1,0.0,72.0,0.0255,2,444.28
104363,stat:awaiting response,571,84,0,1,0,1,0,1,1,0,0,1,0.0,72.0,0.0255,2,444.11
104361,stat:awaiting response,567,84,0,1,0,1,0,1,1,0,0,1,0.0,72.0,0.0255,2,443.92
104360,stat:awaiting response,583,84,0,1,0,1,1,1,1,0,1,1,0.0,72.0,0.0255,2,410.21
104359,stat:awaiting response,577,84,0,1,0,1,0,1,1,0,0,1,0.0,72.0,0.0255,2,409.95
104313,type:bug,523,79,1,1,1,1,1,4,4,0,1,1,0.0,72.0,0.1019,8,186.83
104297,type:bug,761,113,0,0,0,1,1,5,1,0,1,0,0.3696,72.0,0.051,2,1.01
104261,stat:awaiting response,579,84,0,1,0,1,1,1,1,0,1,1,0.0,72.0,0.0255,2,437.56
104260,stat:awaiting response,580,84,0,1,0,1,0,1,1,0,0,1,0.0,72.0,0.0255,2,437.1
104259,stat:awaiting response,562,86,0,1,0,1,0,1,1,0,0,1,0.0,72.0,0.0255,2,348.54
104258,stat:awaiting response,590,84,0,1,0,1,0,1,1,0,0,1,0.0,72.0,0.0255,2,309.19
104257,stat:awaiting response,548,82,0,1,0,1,0,1,1,0,0,1,0.0,72.0,0.0255,2,307.67
104080,stat:awaiting response,581,84,0,1,0,1,0,1,1,0,0,1,0.0,72.0,0.0255,2,386.81
104079,stat:awaiting response,577,84,0,1,0,1,0,1,1,0,0,1,0.0,72.0,0.0255,2,386.61
104078,stat:awaiting response,573,84,0,1,0,1,0,2,1,0,0,1,0.0,72.0,0.0318,3,371.0
104077,stat:awaiting response,575,84,0,1,0,1,0,1,1,0,0,1,0.0,72.0,0.0255,2,345.07
104076,stat:awaiting response,588,84,0,1,0,1,0,1,1,0,0,1,0.0,72.0,0.0255,2,343.63
104074,type:build/install,575,83,0,1,0,1,1,3,1,0,1,1,0.0,72.0,0.0382,2,100.31
104016,type:docs-bug,1034,157,0,1,0,1,0,1,1,0,0,1,0.0,72.0,0.0255,2,309.56
103999,stat:awaiting response,590,86,0,1,0,1,0,1,1,0,0,1,0.0,72.0,0.0255,2,316.87
103998,stat:awaiting response,588,84,0,1,0,1,0,1,1,0,0,1,0.0,72.0,0.0255,2,137.4
103994,stat:awaiting response,592,85,0,1,0,1,0,1,1,0,0,1,0.0,72.0,0.0255,2,100.14
103920,type:docs-bug,1099,182,0,0,0,1,0,1,1,0,0,1,0.0,72.0,0.0255,2,0.01
103918,type:build/install,504,74,0,1,0,1,0,1,1,0,0,1,0.0,72.0,0.0255,2,105.78
103915,type:docs-bug,911,147,0,0,0,1,0,1,1,0,0,1,0.0,72.0,0.0255,2,0.01
103823,stat:awaiting response,778,117,0,0,0,1,0,1,2,0,0,1,0.0,72.0,0.0446,3,21.93
103660,type:docs-bug,877,139,0,1,0,1,1,2,2,0,1,1,0.0,72.0,0.051,4,0.02
103630,stat:awaiting response,353,62,1,1,0,1,1,1,3,0,1,1,0.0,72.0,0.0637,4,376.44
103590,type:build/install,735,118,0,1,1,1,1,7,4,0,1,1,0.0,72.0,0.121,8,311.74
103538,stat:awaiting response,644,93,0,1,1,1,1,2,3,0,1,1,0.0,72.0,0.0701,5,409.15
103536,stat:awaiting response,921,136,0,1,0,1,1,2,3,0,1,1,0.0,72.0,0.0701,5,407.96
103531,stat:awaiting response,768,125,0,1,0,1,1,3,1,0,1,1,0.0,72.0,0.0382,4,109.75
103506,stat:awaiting response,987,161,0,0,0,1,1,2,2,0,1,1,0.0,72.0,0.051,4,144.49
103470,stat:awaiting response,571,84,0,1,0,1,1,1,1,0,1,1,0.0,72.0,0.0255,2,155.77
103469,stat:awaiting response,564,83,0,1,0,1,1,1,1,0,1,1,0.0,72.0,0.0255,2,155.51
103434,stat:awaiting response,1063,179,0,1,0,1,0,2,1,0,0,1,0.0,72.0,0.0318,3,2.68
103430,stat:awaiting response,546,81,0,0,0,1,1,6,1,0,1,0,0.2975,72.0,0.0573,3,50.09
103429,stat:awaiting response,532,81,1,0,0,1,1,2,3,0,1,1,0.0,72.0,0.0701,5,0.01
103407,stat:awaiting response,615,98,0,1,1,1,1,4,1,0,1,1,0.0,72.0,0.0446,5,0.02
103352,type:docs-bug,843,136,0,1,0,1,1,2,1,0,1,1,0.0,72.0,0.0318,3,224.25
103263,stat:awaiting response,697,113,1,0,0,0,1,2,2,0,1,1,0.0,72.0,0.051,4,609.27
102880,stat:awaiting response,758,118,0,1,0,1,0,1,1,0,0,1,0.0,72.0,0.0255,2,67.41
102870,stat:awaiting response,652,103,0,1,0,1,0,1,1,0,0,1,0.0,72.0,0.0255,2,74.4
102864,type:build/install,749,117,0,1,1,1,1,9,3,0,1,1,0.0,72.0,0.1146,6,50.61
102812,type:bug,1311,223,0,1,0,1,1,6,1,0,1,1,0.0,72.0,0.0573,5,30.02
102743,type:build/install,960,151,0,1,0,1,1,3,1,0,1,1,0.0,72.0,0.0382,4,106.4
102572,type:build/install,849,103,1,0,0,1,0,3,2,0,0,1,0.0,72.0,0.0573,4,383.65
102492,stat:awaiting response,576,84,0,0,1,1,1,3,1,0,1,1,0.0,72.0,0.0382,3,0.87
102490,comp:lite,957,148,0,1,0,0,1,4,3,0,1,1,0.0,72.0,0.0828,6,25.93
102475,type:bug,622,92,0,1,0,1,1,8,1,0,1,1,0.0,72.0,0.0701,3,70.95
102416,type:build/install,1117,178,0,0,0,1,0,2,1,0,0,1,0.0,72.0,0.0318,2,84.76
102349,type:docs-bug,722,114,0,1,0,1,1,3,1,0,1,1,0.0,72.0,0.0382,3,0.02
102343,type:docs-bug,790,123,0,0,0,1,1,3,1,0,1,1,0.0,72.0,0.0382,3,0.02
102206,stat:awaiting response,602,94,0,1,0,1,0,2,1,0,0,1,0.0,72.0,0.0318,3,23.06
102158,type:bug,994,143,0,0,0,1,0,4,1,0,0,0,0.2214,72.0,0.0446,3,0.38
102071,stat:awaiting response,784,117,0,1,0,1,0,6,2,0,0,1,0.0,72.0,0.0764,5,7.57
102065,stat:awaiting response,857,140,0,0,1,1,1,2,1,0,1,1,0.0,72.0,0.0318,3,9.15
102055,type:bug,476,69,1,1,0,1,0,1,1,0,0,0,0.4894,72.0,0.0255,2,36.76
102044,type:bug,863,127,0,1,0,1,0,2,1,0,0,1,0.0,72.0,0.0318,3,15.52
102027,type:docs-bug,1509,249,0,0,0,1,1,3,1,0,1,1,0.0,72.0,0.0382,3,0.04
101960,stat:awaiting response,581,90,0,0,0,1,0,1,1,0,0,1,0.0,72.0,0.0255,2,14.97
101889,stat:awaiting response,325,51,0,0,1,0,1,3,3,0,1,1,0.0,72.0,0.0764,6,62.07
101746,stat:awaiting response,1954,297,0,0,0,1,1,3,1,0,1,1,0.0,72.0,0.0382,4,21.88
101578,type:docs-bug,729,112,0,0,0,1,0,1,1,0,0,1,0.0,72.0,0.0255,2,0.02
101521,type:docs-bug,668,104,0,1,0,1,1,3,1,0,1,1,0.0,72.0,0.0382,3,0.05
101516,type:docs-bug,791,119,0,0,0,1,1,3,1,0,1,1,0.0,72.0,0.0382,3,0.02
101499,type:bug,570,87,0,1,0,1,1,4,1,0,1,1,0.0,72.0,0.0446,3,211.28
101472,stat:awaiting response,801,122,0,1,0,1,1,4,2,0,1,1,0.0,72.0,0.0637,6,0.02
101397,stat:awaiting response,1024,162,0,1,0,1,1,1,3,0,1,1,0.0,72.0,0.0637,4,1248.99
101391,stat:awaiting response,802,118,0,1,0,1,0,2,1,0,0,1,0.0,72.0,0.0318,3,252.83
101361,stat:awaiting response,1260,192,0,0,1,1,1,2,3,0,1,1,0.0,72.0,0.0701,5,1.68
101307,type:build/install,2269,265,0,0,0,1,0,5,1,0,0,1,0.0,72.0,0.051,4,21.63
101296,type:bug,755,116,0,1,0,1,0,4,1,0,0,1,0.0,72.0,0.0446,2,0.01
101201,type:bug,518,74,0,1,0,1,1,4,1,0,1,1,0.0,72.0,0.0446,4,5.44
101188,stat:awaiting response,859,133,0,0,0,1,0,3,1,0,0,1,0.0,72.0,0.0382,3,215.79
101183,stat:awaiting response,854,132,0,0,0,1,0,2,1,0,0,1,0.0,72.0,0.0318,2,212.16
101181,stat:awaiting response,886,137,0,0,0,1,0,2,1,0,0,1,0.0,72.0,0.0318,2,212.28
101142,type:build/install,748,107,0,0,0,1,1,12,1,0,1,1,0.0,72.0,0.0955,4,43.98
101115,type:docs-bug,1660,223,0,0,0,1,1,2,1,0,1,1,0.0,72.0,0.0318,3,32.12
101017,type:build/install,1121,140,0,0,0,1,1,1,1,0,1,1,0.0,72.0,0.0255,2,97.16
100872,stat:awaiting response,902,142,0,1,0,1,1,2,1,0,1,1,0.0,72.0,0.0318,3,3.29
100689,type:bug,997,162,0,1,1,1,1,2,1,0,1,0,0.3482,72.0,0.0318,3,43.12
100590,stat:awaiting response,907,147,0,1,0,1,1,1,1,0,1,1,0.0,72.0,0.0255,2,3933.01
100533,type:bug,2341,357,0,0,1,1,0,1,4,0,0,1,0.0,72.0,0.0828,5,635.77
100522,type:docs-bug,1742,299,0,1,0,1,1,1,1,0,1,0,0.6206,72.0,0.0255,2,0.07
100519,stat:awaiting response,798,119,0,0,0,1,0,2,1,0,0,1,0.0,72.0,0.0318,2,165.66
100517,stat:awaiting response,912,137,0,0,0,1,1,2,1,0,1,1,0.0,72.0,0.0318,2,165.85
100500,type:docs-bug,765,117,0,0,0,1,0,1,1,0,0,0,0.5721,72.0,0.0255,2,0.03
100442,stat:awaiting response,1449,244,0,0,0,1,0,3,1,0,0,1,0.0,72.0,0.0382,4,0.65
100434,stat:awaiting response,524,80,0,0,0,1,0,1,3,0,0,1,0.0,72.0,0.0637,4,1572.07
100327,stat:awaiting response,507,75,0,1,0,1,1,1,1,0,1,1,0.0,72.0,0.0255,2,242.62
100317,stat:awaiting response,697,113,1,0,0,0,0,1,2,0,0,1,0.0,72.0,0.0446,3,71.29
100300,type:bug,496,74,0,0,0,1,1,2,1,0,1,0,0.8743,72.0,0.0318,3,8.9
100237,type:bug,802,125,0,1,0,1,1,4,1,0,1,1,0.0,72.0,0.0446,3,167.5
100234,type:docs-bug,1090,187,0,1,0,1,0,1,1,0,0,1,0.0,72.0,0.0255,2,0.02
100138,type:docs-bug,737,112,0,0,0,1,0,1,1,0,0,1,0.0,72.0,0.0255,2,0.02
100134,type:docs-bug,1183,196,0,0,0,1,0,1,1,0,0,1,0.0,72.0,0.0255,2,0.02
99991,type:bug,1288,196,0,0,1,1,1,5,1,0,1,1,0.0,72.0,0.051,5,335.92
177822,bot-triaged,2007,300,1,1,0,1,0,1,0,0,0,0,0.9997,72.0,0.0064,1,1.67
177638,triage review,777,114,1,0,0,0,0,4,1,0,0,0,0.8074,72.0,0.0446,3,2.55
177634,bot-triaged,812,129,1,1,0,1,0,1,0,0,0,0,0.9996,72.0,0.0064,1,2.23
177603,oncall: pt2,1759,276,1,1,0,0,0,2,0,0,0,0,0.7481,72.0,0.0127,2,1.8
177517,triaged,4504,646,0,1,0,0,1,3,0,0,1,0,0.8582,72.0,0.0191,2,6.63
177485,module: build,4294,641,0,1,0,0,1,2,1,0,1,0,0.3371,72.0,0.0318,3,25.15
177442,module: crash,383,63,1,0,1,0,1,5,0,0,1,1,0.0,72.0,0.0318,3,2.56
177426,high priority,334,55,0,1,0,0,1,3,1,0,1,1,0.0,72.0,0.0382,4,77.28
177406,triage review,4862,640,0,1,0,0,0,2,0,0,0,0,0.9908,72.0,0.0127,2,0.57
177318,high priority,901,139,1,0,0,0,1,4,0,0,1,1,0.0,72.0,0.0255,3,61.54
177141,oncall: distributed,197,29,1,1,0,0,0,1,0,0,0,0,0.9882,72.0,0.0064,1,0.85
177044,module: performance,71,11,1,1,0,0,0,4,0,0,0,1,0.0,72.0,0.0255,4,0.81
177030,module: cuda,165,22,0,0,0,0,1,6,0,0,1,0,0.6661,72.0,0.0382,3,0.16
177029,enhancement,199,36,1,1,0,0,0,2,0,0,0,0,0.7104,168.0,0.0127,2,46.29
177017,oncall: distributed,822,142,0,0,0,0,1,9,0,0,1,1,0.0,72.0,0.0573,5,3.22
177013,enhancement,1713,214,0,0,1,1,0,2,0,0,0,0,0.7552,168.0,0.0127,2,5.22
176993,triage review,179,29,0,1,0,0,1,5,0,0,1,1,0.0,72.0,0.0318,3,0.31
176862,triage review,4714,642,0,1,0,0,1,2,0,0,1,1,0.0,72.0,0.0127,2,19.98
176851,high priority,519,81,0,0,0,0,0,2,0,0,0,1,0.0,72.0,0.0127,2,39.06
176833,high priority,361,44,0,1,0,0,0,6,1,0,0,0,0.0271,72.0,0.0573,3,0.01
176829,triage review,424,55,1,1,0,0,1,4,0,0,1,0,0.6421,72.0,0.0255,4,2.06
176767,module: nn,2100,326,0,1,0,0,1,2,0,0,1,0,0.0421,72.0,0.0127,1,40.4
176739,module: tests,272,44,1,1,1,0,1,3,0,0,1,1,0.0,72.0,0.0191,2,95.37
176711,module: crash,6105,859,0,0,1,1,1,4,0,0,1,1,0.0,72.0,0.0255,4,65.54
176660,unlabelled,63,12,1,1,1,0,1,6,0,1,1,0,0.9831,72.0,0.0637,3,0.02
176630,module: rocm,355,60,1,1,0,0,0,1,0,0,0,0,0.9993,72.0,0.0064,1,0.05
176621,good first issue,2242,281,0,0,0,0,0,2,0,0,0,1,0.0,72.0,0.0127,2,99.22
176608,triaged,728,122,1,1,0,0,0,2,0,0,0,0,0.6582,72.0,0.0127,2,0.15
176585,triage review,1044,185,0,0,1,0,1,8,0,0,1,1,0.0,72.0,0.051,5,5.11
176581,triaged,300,31,0,1,0,0,1,5,0,1,1,1,0.0,72.0,0.0573,2,6.07
176565,triage review,1035,164,0,1,0,1,0,3,1,0,0,1,0.0,72.0,0.0382,4,9.18
176560,triaged,306,53,1,1,0,0,1,5,1,0,1,0,0.856,72.0,0.051,3,0.37
176446,oncall: distributed,942,136,1,1,0,0,0,2,0,0,0,0,0.2251,72.0,0.0127,2,0.35
176443,oncall: distributed,4082,556,0,0,0,0,0,2,0,0,0,1,0.0,72.0,0.0127,2,11.34
176427,module: onnx,563,97,1,1,1,0,1,2,0,0,1,0,0.8246,72.0,0.0127,2,0.75
176417,module: regression,469,74,0,1,0,0,1,5,2,0,1,1,0.0,72.0,0.0701,6,141.68
176391,module: tests,196,32,1,1,0,0,1,3,0,1,1,1,0.0,72.0,0.0446,2,284.31
176375,high priority,113,15,1,1,0,0,1,4,1,0,1,0,0.4261,72.0,0.0446,4,0.05
176373,module: windows,2209,310,0,1,0,0,0,2,0,0,0,1,0.0,72.0,0.0127,2,133.56
176358,module: tests,187,30,1,1,0,0,1,1,0,0,1,1,0.0,72.0,0.0064,1,342.22
176347,triaged,685,103,1,0,0,1,0,3,0,0,0,1,0.0,72.0,0.0191,2,25.04
176254,module: nn,3687,505,0,1,0,0,0,2,0,0,0,1,0.0,72.0,0.0127,2,88.56
176192,triage review,279,47,1,1,0,1,1,2,0,0,1,1,0.0,72.0,0.0127,1,44.06
176176,module: tests,192,28,1,1,0,0,0,0,0,0,0,1,0.0,72.0,0.0,0,-1.0
176154,triaged,1056,156,0,1,0,1,0,3,1,0,0,1,0.0,72.0,0.0382,3,3.6
176133,triage review,1225,189,0,1,0,0,1,3,1,0,1,0,0.8111,72.0,0.0382,3,11.71
176126,oncall: distributed,522,95,1,1,0,1,0,3,0,0,0,1,0.0,72.0,0.0191,2,78.47
176125,module: tests,176,26,1,1,0,0,0,1,0,0,0,0,0.1471,72.0,0.0064,1,0.36
176102,module: tests,179,28,1,1,0,0,0,1,0,0,0,1,0.0,72.0,0.0064,1,75.31
176093,module: cuda,1834,295,0,1,0,0,1,4,0,0,1,1,0.0,72.0,0.0255,3,26.77
176080,needs reproduction,763,126,0,0,0,0,1,4,1,0,1,1,0.0,72.0,0.0446,4,3.98
176074,module: tests,179,28,1,1,0,0,0,1,0,0,0,0,0.5162,72.0,0.0064,1,34.85
176067,triaged,313,51,1,0,0,1,1,4,2,0,1,1,0.0,72.0,0.0637,4,4.4
175982,module: nn,1336,199,0,1,0,1,1,3,0,0,1,1,0.0,72.0,0.0191,2,0.61
175952,high priority,5873,777,0,0,0,0,0,2,1,0,0,1,0.0,72.0,0.0318,3,23.45
175932,module: nn,205,24,0,1,0,0,1,2,0,0,1,1,0.0,72.0,0.0127,2,17.2
175875,high priority,422,64,0,0,0,0,1,3,0,0,1,1,0.0,72.0,0.0191,2,0.78
175872,oncall: jit,1661,265,1,1,0,0,0,3,0,0,0,1,0.0,72.0,0.0191,2,140.32
175866,triage review,361,62,1,1,0,0,0,4,0,0,0,1,0.0,72.0,0.0255,4,15.68
175856,oncall: pt2,369,56,0,0,0,0,1,3,0,0,1,0,0.4056,72.0,0.0191,2,0.07
175854,module: numerical-stability,5207,676,0,1,1,0,0,4,0,0,0,1,0.0,72.0,0.0255,3,42.2
175842,oncall: profiler,5926,814,0,1,0,1,0,2,0,0,0,0,0.7275,72.0,0.0127,2,9.64
175728,triage review,5174,673,0,0,0,0,1,2,0,0,1,0,0.6915,72.0,0.0127,2,21.93
175720,module: tests,200,30,1,1,0,0,0,0,0,0,0,0,0.1114,72.0,0.0,0,-1.0
175719,module: tests,221,33,1,1,0,0,0,0,0,0,0,0,0.1112,72.0,0.0,0,-1.0
175718,module: tests,178,27,1,1,0,0,0,0,0,1,0,1,0.0,72.0,0.0255,0,-1.0
175717,module: tests,178,27,1,1,0,0,0,0,0,1,0,1,0.0,72.0,0.0255,0,-1.0
175690,oncall: distributed,5936,862,0,1,1,0,1,6,1,0,1,0,0.7065,72.0,0.0573,4,0.63
175666,triage review,1542,230,0,0,0,0,1,4,0,0,1,0,0.0089,72.0,0.0255,2,0.09
175615,triaged,504,73,1,0,0,0,0,3,0,0,0,1,0.0,72.0,0.0191,3,10.79
175576,high priority,1687,257,0,1,0,0,1,2,0,0,1,0,0.7211,72.0,0.0127,2,4.64
175546,module: cuda,1731,302,1,1,0,0,1,3,0,0,1,1,0.0,72.0,0.0191,2,0.08
175545,module: nn,5136,731,0,1,0,0,0,2,0,0,0,0,0.3292,72.0,0.0127,1,16.93
175539,module: onnx,601,94,1,1,0,1,0,2,0,0,0,1,0.0,72.0,0.0127,2,6.55
175475,triaged,188,28,1,1,0,0,0,0,0,1,0,1,0.0,72.0,0.0255,0,-1.0
175437,triage review,201,24,0,1,0,0,0,2,0,0,0,0,0.0697,72.0,0.0127,2,3.83
175435,triaged,1192,185,0,1,0,0,1,13,0,1,1,1,0.0,72.0,0.1083,7,4.01
175402,bot-triaged,197,32,0,1,0,1,0,1,0,0,0,0,0.9997,72.0,0.0064,1,3.19
175302,triage review,683,95,0,1,0,0,0,2,1,0,0,0,0.81,72.0,0.0318,3,0.03
175250,high priority,1029,174,1,0,0,1,1,6,1,0,1,1,0.0,72.0,0.0573,5,138.53
175240,feature,1606,255,1,1,0,0,0,2,0,0,0,0,0.8901,72.0,0.0127,2,6.43
175192,triage review,819,134,0,0,0,0,1,3,1,0,1,0,0.6125,72.0,0.0382,4,9.13
175191,triage review,750,117,0,1,0,0,0,4,0,0,0,0,0.9285,72.0,0.0255,3,1.35
175188,triage review,1060,163,0,1,0,0,1,2,0,0,1,0,0.5296,72.0,0.0127,2,0.7
175187,triage review,922,143,0,1,0,0,1,2,0,0,1,0,0.5397,72.0,0.0127,2,0.6
175167,triaged,757,105,1,1,0,0,1,8,1,0,1,1,0.0,72.0,0.0701,2,0.05
175165,feature,2242,351,1,1,1,1,0,3,0,0,0,0,0.6742,72.0,0.0191,3,0.64
175084,needs reproduction,194,31,1,1,0,0,1,2,0,0,1,1,0.0,72.0,0.0127,2,25.75
175065,oncall: distributed,540,85,0,0,1,0,1,1,0,0,1,0,0.1026,72.0,0.0064,1,64.61
175024,oncall: distributed,5785,851,0,0,0,0,1,3,1,0,1,1,0.0,72.0,0.0382,4,3.61
175019,triaged,194,29,1,1,0,0,0,1,0,0,0,0,0.019,72.0,0.0064,1,70.63
174985,triaged,529,89,0,0,0,0,1,6,0,0,1,1,0.0,72.0,0.0382,3,0.88
174963,triaged,904,138,0,0,0,0,0,2,1,0,0,1,0.0,72.0,0.0318,2,170.11
174961,module: docs,279,46,0,1,0,0,1,2,0,0,1,1,0.0,72.0,0.0127,2,122.52
174923,module: crash,8234,856,0,0,1,0,1,7,0,0,1,1,0.0,72.0,0.0446,2,0.51
174921,oncall: releng,178,21,1,1,0,0,1,5,0,0,1,1,0.0,72.0,0.0318,4,0.7
174919,module: ci,122,16,1,1,0,0,0,4,0,0,0,1,0.0,72.0,0.0255,3,0.77
174917,oncall: distributed,1397,192,1,0,0,1,1,4,0,0,1,0,0.63,72.0,0.0255,3,3.1
174900,bot-triaged,991,153,1,1,0,0,0,2,0,0,0,0,0.9875,72.0,0.0127,2,0.08
174898,triage review,1145,191,0,1,1,0,1,10,0,0,1,1,0.0,72.0,0.0637,3,4.91
174878,triage review,4645,637,0,0,0,0,0,2,0,0,0,0,0.6967,72.0,0.0127,1,20.55
174872,module: nn,1096,193,1,0,0,1,1,5,1,0,1,1,0.0,72.0,0.051,4,8.51
174861,high priority,2473,371,0,1,0,0,1,4,0,0,1,1,0.0,72.0,0.0255,3,0.01
174801,triaged,402,72,0,1,0,0,0,4,1,0,0,1,0.0,72.0,0.0446,5,2.85
174785,triage review,1137,216,1,0,1,1,1,3,0,0,1,0,0.9972,72.0,0.0191,2,0.11
174784,module: bootcamp,426,69,1,0,0,0,0,2,1,0,0,1,0.0,72.0,0.0318,3,23.77
174775,module: dependency bug,4724,655,0,0,0,0,0,4,0,0,0,0,0.9519,72.0,0.0255,2,0.68
174770,triaged,177,26,1,1,0,0,1,1,1,0,1,0,0.7576,72.0,0.0255,2,17.45
174731,needs reproduction,2579,444,0,1,1,0,0,4,0,0,0,1,0.0,72.0,0.0255,2,0.5
174680,high priority,684,100,0,0,0,0,1,7,1,0,1,0,0.9146,72.0,0.0637,4,0.41
174674,module: cuda,360,62,1,1,0,0,1,4,0,0,1,1,0.0,72.0,0.0255,3,20.35
174672,triaged,453,60,1,0,0,0,0,2,1,0,0,1,0.0,72.0,0.0318,3,25.72
174666,oncall: pt2,6172,862,0,1,0,0,0,2,0,0,0,0,0.6629,72.0,0.0127,2,7.93
174637,triage review,546,86,1,0,0,1,1,2,0,0,1,0,0.7842,72.0,0.0127,2,1.34
174601,module: performance,952,153,1,1,0,0,1,8,0,0,1,0,0.6933,72.0,0.051,2,4.19
174600,ci: sev,431,72,1,0,0,1,1,2,0,0,1,0,0.9351,72.0,0.0127,2,1.88
174587,module: cpu,551,91,0,0,0,0,1,4,1,0,1,1,0.0,72.0,0.0446,4,9.16
174575,module: performance,4292,772,0,1,1,0,0,7,1,0,0,1,0.0,72.0,0.0637,7,22.49
174551,triaged,331,52,1,1,0,0,0,2,0,0,0,0,0.1981,72.0,0.0127,2,0.81
174502,triaged,152,23,1,1,0,0,0,4,0,0,0,1,0.0,72.0,0.0255,3,0.01
174486,triage review,384,54,1,1,1,0,1,3,1,0,1,0,0.0492,72.0,0.0382,2,0.07
174467,triage review,6176,860,0,1,0,0,1,2,1,0,1,1,0.0,72.0,0.0318,3,9.2
174459,high priority,432,54,1,0,0,0,0,3,1,0,0,1,0.0,72.0,0.0382,4,83.16
174441,needs reproduction,3654,535,0,1,0,0,0,2,0,0,0,1,0.0,72.0,0.0127,2,0.76
174391,bot-triaged,276,39,1,1,0,0,0,1,0,0,0,0,0.9107,72.0,0.0064,1,6.43
174379,module: crash,4704,619,0,0,0,0,1,4,1,0,1,1,0.0,72.0,0.0446,5,97.81
174378,triaged,1002,131,0,0,0,0,0,2,0,0,0,1,0.0,72.0,0.0127,2,97.84
174353,module: nn,399,61,1,1,0,0,1,1,0,0,1,1,0.0,72.0,0.0064,1,337.9
174345,high priority,290,45,1,1,0,0,0,6,0,0,0,1,0.0,72.0,0.0382,2,14.08
174344,triage review,5874,804,0,0,1,0,1,8,1,0,1,0,0.4135,72.0,0.0701,4,2.49
174339,high priority,520,86,1,1,0,0,1,5,1,0,1,1,0.0,72.0,0.051,3,0.15
174315,module: nn,4516,630,0,1,0,0,1,3,1,0,1,0,0.6593,72.0,0.0382,3,0.17
174306,oncall: pt2,999,101,0,1,0,0,1,2,0,1,1,0,0.9067,72.0,0.0382,1,4.89
174304,triaged,396,47,0,1,0,0,0,3,0,0,0,1,0.0,72.0,0.0191,2,4.92
174299,triaged,163,26,1,1,0,0,0,2,1,0,0,0,0.7961,72.0,0.0318,2,0.04
174296,high priority,164,27,1,1,0,0,1,1,1,1,1,0,0.2822,72.0,0.051,2,26.2
174284,needs reproduction,761,123,0,0,0,0,0,5,0,0,0,1,0.0,72.0,0.0318,4,0.32
174282,module: crash,2741,441,0,0,1,0,0,2,1,0,0,1,0.0,72.0,0.0318,3,343.9
174280,oncall: distributed,352,55,0,1,0,0,0,12,0,0,0,1,0.0,72.0,0.0764,4,2.25
174265,triage review,1055,172,0,1,1,0,0,3,1,0,0,0,0.1894,72.0,0.0382,3,8.8
174246,module: numerical-stability,421,68,1,1,0,0,1,3,1,0,1,1,0.0,72.0,0.0382,3,0.01
174244,oncall: distributed,925,148,0,1,1,0,1,6,0,0,1,0,0.0578,72.0,0.0382,3,3.06
174199,module: cuda,1758,287,0,0,0,0,1,2,0,0,1,1,0.0,72.0,0.0127,2,318.28
174195,module: cuda,4396,609,0,0,0,0,1,6,0,0,1,0,0.1882,72.0,0.0382,2,3.24
174175,triaged,191,28,1,1,0,0,0,0,0,0,0,1,0.0,72.0,0.0,0,-1.0
174174,high priority,545,74,1,0,0,0,1,5,1,0,1,1,0.0,72.0,0.051,4,151.73
174172,high priority,185,27,1,0,0,0,0,4,1,0,0,1,0.0,72.0,0.0446,4,152.04
174166,good first issue,385,55,1,0,1,0,1,5,1,0,1,1,0.0,72.0,0.051,6,423.99
174133,triage review,130,23,0,1,0,0,0,2,0,0,0,0,0.7338,72.0,0.0127,2,3.31
174128,triage review,412,59,1,0,0,0,0,2,0,0,0,1,0.0,72.0,0.0127,2,63.46
174124,high priority,168,28,1,0,0,0,1,2,1,1,1,1,0.0,72.0,0.0573,3,93.53
174074,high priority,1233,150,0,0,0,0,1,4,2,0,1,1,0.0,72.0,0.0637,5,1.09
174068,module: build,7336,733,0,0,0,0,1,3,0,0,1,0,0.9318,72.0,0.0191,3,2.57
174063,oncall: pt2,544,80,0,0,0,0,1,5,0,0,1,1,0.0,72.0,0.0318,2,7.87
174051,module: performance,1103,166,0,1,1,0,1,4,0,0,1,0,0.9082,72.0,0.0255,3,6.49
174050,high priority,6425,786,0,1,0,0,0,4,1,0,0,1,0.0,72.0,0.0446,4,6.99
174042,module: onnx,6032,790,0,1,0,0,1,4,1,0,1,0,0.8153,72.0,0.0446,4,9.41
174030,oncall: distributed,4702,673,0,0,0,0,0,6,1,0,0,1,0.0,72.0,0.0573,5,2.44
174016,high priority,925,144,1,1,0,0,1,2,0,0,1,0,0.9753,72.0,0.0127,2,0.51
174013,oncall: export,60,10,1,1,0,0,0,5,0,0,0,0,0.2389,72.0,0.0318,4,4.14
174011,triage review,4618,603,0,1,0,0,1,4,0,0,1,0,0.6324,72.0,0.0255,2,9.62
173994,triaged,169,28,1,1,0,0,0,1,0,0,0,1,0.0,72.0,0.0064,1,36.45
173991,triage review,875,152,1,0,1,0,0,3,0,0,0,0,0.2208,72.0,0.0191,3,15.54
173985,oncall: pt2,182,25,1,0,0,0,1,1,0,0,1,0,0.7772,72.0,0.0064,1,16.04
173972,triaged,190,32,1,1,0,0,1,5,1,0,1,1,0.0,72.0,0.051,4,0.94
173953,high priority,767,129,0,1,0,0,0,2,0,0,0,1,0.0,72.0,0.0127,2,0.01
173944,module: crash,5225,742,0,0,0,0,1,4,0,0,1,1,0.0,72.0,0.0255,3,4.56
173927,module: rnn,5221,687,0,1,1,0,1,5,0,0,1,1,0.0,72.0,0.0318,3,132.72
173924,triage review,259,42,0,1,0,0,1,3,1,0,1,1,0.0,72.0,0.0382,4,7.29
173915,triaged,844,135,1,0,0,1,1,8,0,0,1,1,0.0,72.0,0.051,5,5.89
173909,oncall: distributed,314,47,0,1,0,0,1,4,0,0,1,0,0.9097,72.0,0.0255,3,5.44
173902,high priority,5020,664,0,1,0,0,0,6,1,0,0,1,0.0,72.0,0.0573,5,101.63
173871,oncall: pt2,980,103,0,1,0,0,0,2,1,0,0,1,0.0,72.0,0.0318,3,142.34
173823,module: binaries,427,66,0,1,0,0,0,2,0,0,0,1,0.0,72.0,0.0127,2,0.95
173808,high priority,1704,294,1,0,1,0,0,4,0,0,0,0,0.5872,72.0,0.0255,2,1.02
173797,high priority,1700,167,0,1,0,0,1,2,1,0,1,1,0.0,72.0,0.0318,2,151.7
173795,high priority,613,62,0,1,0,0,0,3,1,0,0,1,0.0,72.0,0.0382,4,4.6
173792,triaged,355,62,1,0,0,0,1,3,0,0,1,1,0.0,72.0,0.0191,3,0.01
173786,unlabelled,5121,648,0,0,0,0,0,2,0,0,0,0,0.9867,72.0,0.0127,2,0.86
173782,module: onnx,4101,542,0,1,0,0,0,2,0,0,0,0,0.7082,72.0,0.0127,2,10.56
173780,module: cpp,378,60,1,1,0,1,0,2,0,0,0,0,0.5128,72.0,0.0127,2,12.46
173777,module: ci,302,50,1,1,0,0,1,1,1,0,1,0,0.6501,72.0,0.0255,2,25.19
173772,oncall: distributed,452,70,1,1,1,0,0,3,1,0,0,1,0.0,72.0,0.0382,3,36.02
173765,high priority,1120,186,1,0,0,0,1,7,1,0,1,1,0.0,72.0,0.0637,6,0.98
173717,module: rocm,271,42,1,1,0,0,0,1,0,1,0,1,0.0,72.0,0.0318,1,168.49
173715,module: rocm,276,44,1,1,0,0,0,1,0,1,0,1,0.0,72.0,0.0318,1,168.58
173714,module: rocm,286,45,1,1,0,0,0,1,0,1,0,1,0.0,72.0,0.0318,1,168.66
173713,module: rocm,285,45,1,1,0,0,0,1,0,1,0,1,0.0,72.0,0.0318,1,168.67
173712,module: rocm,285,45,1,1,0,0,0,1,0,1,0,1,0.0,72.0,0.0318,1,168.69
173709,oncall: distributed,479,74,0,1,0,0,1,8,1,0,1,0,0.3619,72.0,0.0701,4,17.34
173706,high priority,397,67,0,0,0,0,1,3,1,0,1,0,0.7236,72.0,0.0382,4,3.7
173679,needs reproduction,269,46,0,1,0,0,0,4,0,0,0,1,0.0,72.0,0.0255,3,480.89
173636,module: cuda,5020,647,0,0,0,1,0,7,0,0,0,1,0.0,72.0,0.0446,4,12.08
173626,high priority,296,42,0,1,0,0,1,5,1,0,1,1,0.0,72.0,0.051,3,0.02
173624,module: crash,547,85,1,0,1,0,1,3,0,0,1,1,0.0,72.0,0.0191,3,32.72
173622,module: cuda,4707,644,0,1,0,0,1,6,0,0,1,1,0.0,72.0,0.0382,4,131.34
173620,module: rocm,190,26,1,1,0,0,0,1,0,1,0,1,0.0,72.0,0.0318,1,184.15
173619,module: rocm,212,32,1,1,0,0,0,1,0,1,0,1,0.0,72.0,0.0318,1,184.26
173538,oncall: distributed,162,27,0,1,0,0,0,2,0,0,0,1,0.0,72.0,0.0127,2,51.01
173529,module: convolution,2790,371,0,1,0,0,0,3,0,0,0,0,0.9568,72.0,0.0191,3,0.73
173522,triaged,139,23,1,1,0,0,0,2,1,0,0,1,0.0,72.0,0.0318,3,74.21
173520,module: edge cases,2758,362,0,1,0,0,0,2,0,0,0,0,0.9425,72.0,0.0127,2,2.46
173506,module: crash,4744,596,0,0,1,0,1,2,0,0,1,0,0.8238,72.0,0.0127,2,5.16
173498,module: error checking,4382,540,0,0,1,0,0,2,0,0,0,0,0.8586,72.0,0.0127,2,7.5
173491,unlabelled,5222,671,0,1,0,0,0,3,0,0,0,0,0.8403,72.0,0.0191,2,11.5
173486,unlabelled,559,94,0,0,0,0,1,2,1,0,1,0,0.879,72.0,0.0318,3,0.09
173475,high priority,199,33,0,1,0,0,1,3,0,0,1,0,0.0629,72.0,0.0191,2,0.04
173466,triaged,186,27,1,1,0,0,0,0,0,0,0,1,0.0,72.0,0.0,0,-1.0
173462,high priority,83,15,0,1,0,0,1,4,1,0,1,1,0.0,72.0,0.0446,3,2.14
173383,high priority,178,27,1,1,0,0,0,3,1,0,0,0,0.5864,72.0,0.0382,4,0.11
173363,triaged,197,29,1,1,0,0,0,2,0,0,0,1,0.0,72.0,0.0127,2,4.99
173352,triaged,175,25,1,1,0,0,1,1,0,0,1,1,0.0,72.0,0.0064,1,136.23
173344,triaged,158,25,1,1,0,0,1,2,0,1,1,1,0.0,72.0,0.0382,2,196.1
173337,enhancement,535,90,0,1,0,0,0,2,0,0,0,1,0.0,168.0,0.0127,2,5.29
173336,triaged,168,25,1,1,0,0,1,2,0,1,1,1,0.0,72.0,0.0382,1,140.02
173334,needs reproduction,2623,352,0,1,0,0,1,6,0,0,1,1,0.0,72.0,0.0382,2,146.77
173316,module: onnx,2941,439,0,0,1,0,1,3,0,0,1,0,0.1581,72.0,0.0191,2,2.09
173312,high priority,494,100,0,1,0,0,1,7,2,0,1,0,0.5219,72.0,0.0828,5,7.34
173310,triage review,1149,193,1,0,1,1,1,4,1,0,1,1,0.0,72.0,0.0446,5,31.87
173231,triaged,360,64,1,0,0,0,1,5,2,0,1,1,0.0,72.0,0.0701,6,75.53
173200,skipped,157,25,1,0,0,0,0,1,0,0,0,0,1.0,72.0,0.0064,1,7.42
173176,triaged,1594,268,1,1,1,1,0,3,3,0,0,1,0.0,72.0,0.0764,6,1.65
173172,triaged,196,31,0,1,0,0,1,7,1,0,1,1,0.0,72.0,0.0637,5,0.07
173171,needs reproduction,6112,779,0,0,0,0,0,2,0,0,0,0,0.8638,72.0,0.0127,2,7.07
173165,module: binaries,169,32,0,1,0,0,1,3,1,0,1,0,0.9167,72.0,0.0382,4,0.73
173157,oncall: distributed,944,126,0,1,0,0,1,3,0,0,1,1,0.0,72.0,0.0191,3,74.22
173133,high priority,4216,625,0,0,0,0,0,2,1,0,0,1,0.0,72.0,0.0318,3,6.82
173125,module: rocm,1304,238,0,1,0,0,1,14,1,0,1,1,0.0,72.0,0.1083,5,3.04
173099,module: binaries,972,178,1,1,0,1,1,2,1,0,1,0,0.9326,72.0,0.0318,3,4.85
173090,high priority,603,110,0,0,1,0,0,2,1,0,0,0,0.8119,72.0,0.0318,3,0.05
173076,module: onnx,346,56,1,1,0,0,1,4,1,1,1,1,0.0,72.0,0.0701,3,1.02
173074,module: onnx,3940,522,0,1,1,0,1,2,1,0,1,0,0.93,72.0,0.0318,3,2.79
173065,needs reproduction,4918,537,0,1,0,0,1,4,1,1,1,0,0.91,72.0,0.0701,3,6.16
173055,module: sparse,402,72,1,1,1,0,0,3,0,0,0,0,0.455,72.0,0.0191,2,10.0
173024,triaged,592,105,0,0,0,0,1,6,0,0,1,1,0.0,72.0,0.0382,3,4.42
172993,triage review,184,34,1,1,0,0,0,5,0,0,0,0,0.9518,72.0,0.0318,3,0.29
172976,oncall: distributed,951,142,1,1,0,1,0,2,0,0,0,1,0.0,72.0,0.0127,1,49.29
172966,unlabelled,303,41,1,1,0,0,1,2,0,0,1,0,0.9962,72.0,0.0127,1,0.21
172934,triaged,625,110,1,0,0,0,1,10,1,0,1,1,0.0,72.0,0.0828,7,2.49
172932,oncall: distributed,845,138,0,0,0,1,1,4,0,0,1,1,0.0,72.0,0.0255,3,5.58
172926,high priority,497,74,1,0,0,0,1,3,1,0,1,0,0.8261,72.0,0.0382,4,11.26
172903,module: onnx,571,105,1,1,0,0,1,6,0,0,1,0,0.6867,72.0,0.0382,2,0.43
172896,high priority,593,108,1,1,0,1,1,8,1,1,1,0,0.3785,72.0,0.0955,6,0.56
172893,oncall: pt2,183,27,1,1,0,0,1,2,0,0,1,1,0.0,72.0,0.0127,1,281.45
172880,module: onnx,7618,889,0,0,0,0,0,4,0,0,0,0,0.614,72.0,0.0255,2,1.54
172837,triaged,154,25,1,0,0,0,0,5,0,0,0,1,0.0,72.0,0.0318,3,1.47
172830,triaged,789,112,1,1,0,0,1,6,1,0,1,1,0.0,72.0,0.0573,4,24.93
172822,triaged,7102,1031,0,0,0,0,1,6,1,0,1,1,0.0,72.0,0.0573,5,30.46
172815,high priority,205,38,1,0,0,0,1,2,0,0,1,0,0.9028,72.0,0.0127,2,0.6
172812,high priority,741,118,1,1,0,0,0,3,1,0,0,1,0.0,72.0,0.0382,4,11.27
172784,module: onnx,1525,232,0,0,0,0,0,5,2,0,0,1,0.0,72.0,0.0701,4,165.01
172747,high priority,3759,455,0,0,1,0,1,12,2,0,1,1,0.0,72.0,0.1146,10,12.9
172744,high priority,871,137,1,0,1,0,1,4,0,0,1,0,0.2554,72.0,0.0255,4,20.32
172739,high priority,1565,251,1,0,1,0,0,3,0,0,0,1,0.0,72.0,0.0191,2,49.63
172728,triaged,4028,630,0,0,0,0,1,18,0,0,1,1,0.0,72.0,0.1146,8,1.17
172712,oncall: pt2,3182,442,0,0,1,0,0,3,0,0,0,1,0.0,72.0,0.0191,2,0.02
172693,high priority,999,148,1,0,0,0,1,5,2,0,1,1,0.0,72.0,0.0701,5,97.46
172630,module: build,392,68,0,1,0,0,1,4,0,0,1,1,0.0,72.0,0.0255,2,71.56
172629,needs reproduction,278,44,0,1,0,0,1,6,0,0,1,1,0.0,72.0,0.0382,4,7.85
172560,module: docs,594,105,1,1,0,1,0,3,0,0,0,0,0.0892,72.0,0.0191,2,57.66
172543,oncall: distributed,446,63,0,0,0,0,1,6,0,0,1,1,0.0,72.0,0.0382,4,1.02
172529,high priority,5684,763,0,1,0,0,1,3,0,0,1,1,0.0,72.0,0.0191,2,0.23
172459,module: onnx,324,52,1,1,0,0,0,2,2,0,0,1,0.0,72.0,0.051,3,192.8
172442,high priority,275,47,0,1,0,0,1,7,1,0,1,0,0.5378,72.0,0.0637,6,5.77
172440,triaged,224,38,1,1,0,0,1,5,0,0,1,1,0.0,72.0,0.0318,3,11.84
172439,module: cuda,1483,238,0,1,1,0,1,5,1,0,1,0,0.8315,72.0,0.051,4,9.2
172438,module: onnx,1911,209,0,1,0,0,0,3,1,0,0,0,0.8614,72.0,0.0382,3,9.92
172435,triaged,191,29,1,1,0,0,1,2,0,0,1,1,0.0,72.0,0.0127,1,0.02
172433,triaged,163,27,1,1,0,0,1,2,0,0,1,1,0.0,72.0,0.0127,1,0.03
172416,module: rocm,135,15,1,1,0,0,1,1,0,0,1,0,0.8379,72.0,0.0064,1,11.67
172399,triaged,382,60,0,0,0,0,1,4,0,0,1,1,0.0,72.0,0.0255,4,3.27
172352,module: cuda,860,120,0,1,0,0,0,1,0,0,0,0,0.9989,72.0,0.0064,1,0.08
172350,oncall: distributed,345,55,0,1,0,0,0,2,1,0,0,1,0.0,72.0,0.0318,3,0.02
172325,feature,1030,173,1,1,0,0,0,6,4,0,0,1,0.0,72.0,0.1146,8,9.36
172275,module: build,104,16,1,1,0,0,1,3,0,0,1,0,0.6335,72.0,0.0191,3,0.11
172248,high priority,132,21,1,0,0,0,1,2,1,0,1,1,0.0,72.0,0.0318,3,24.77
172233,module: crash,333,54,1,0,0,1,0,2,0,0,0,1,0.0,72.0,0.0127,2,0.02
172215,module: dataloader,374,59,0,0,0,0,0,4,1,0,0,1,0.0,72.0,0.0446,4,32.31
172205,module: performance,2101,302,0,1,1,0,0,6,0,0,0,0,0.0332,72.0,0.0382,4,0.09
172202,triaged,166,26,1,1,0,0,1,1,0,0,1,0,0.3125,72.0,0.0064,1,45.2
172162,module: binaries,1055,169,0,0,0,1,0,4,0,0,0,0,0.1878,72.0,0.0255,3,25.48
172157,enhancement,300,46,0,1,0,0,1,5,1,0,1,1,0.0,168.0,0.051,4,50.52
172155,triaged,655,104,1,0,1,0,1,2,0,0,1,1,0.0,72.0,0.0127,2,26.98
172146,module: onnx,110,19,1,1,1,0,0,2,1,0,0,0,0.0829,72.0,0.0318,3,64.66
172102,module: dtensor,408,63,0,1,0,0,0,2,0,0,0,0,0.9308,72.0,0.0127,2,0.06
172091,module: rocm,232,35,1,1,0,0,1,5,0,0,1,1,0.0,72.0,0.0318,5,0.96
172071,oncall: pt2,447,65,1,0,0,0,1,3,0,0,1,0,0.2189,72.0,0.0191,3,42.48
172068,module: numerical-stability,1272,188,1,0,0,0,1,3,0,0,1,1,0.0,72.0,0.0191,3,43.83
172067,triaged,211,37,1,1,0,0,0,2,0,0,0,1,0.0,72.0,0.0127,2,4.49
172066,module: cudnn,323,49,1,0,0,0,0,2,1,0,0,1,0.0,72.0,0.0318,3,0.59
172062,high priority,721,98,1,1,0,0,1,7,0,0,1,1,0.0,72.0,0.0446,4,57.45
172061,high priority,677,90,1,0,0,0,0,7,3,0,0,1,0.0,72.0,0.1019,9,82.89
172022,oncall: pt2,261,41,1,1,0,0,1,5,0,0,1,1,0.0,72.0,0.0318,3,117.62
172015,high priority,1080,185,0,1,0,0,1,16,0,0,1,1,0.0,72.0,0.1019,4,0.74
